Date,HG_Price,HG1_logret,DXY_Price,DXY_logret,PMI,PMI_change,LME_Stocks,STOCKS_logret,DXY_logret_lag1,PMI_change_lag1,STOCKS_logret_lag1,Forecasted_Return,Signal,Model_Alpha,Model_Beta_DXY,Model_Beta_PMI,Model_Beta_STOCKS,Model_R2,Hit
2024-01-02,5.73,0.5249355886143745,150.99,1.6561313413524532,49.02424242424242,0.006060606060607654,165700,-0.9609683560261102,0.6485194653905159,-0.013793103448278998,0.3143009397199221,-0.07261400698110666,SHORT,-0.0009584091706277883,-0.08810575777261904,-3.5866413827836996,-0.0827521905750614,0.04604274963116706,0.0
2024-01-03,5.75,0.3484324082610843,152.67,1.1065119812472606,49.03030303030303,0.006060606060607654,165700,0.0,1.6561313413524532,0.006060606060607654,-0.9609683560261102,-0.1814473871009432,SHORT,0.001962808054714287,-0.08809715829609585,-3.570497148999554,-0.08275351538998063,0.04599050643324709,0.0
2024-01-04,5.73,-0.34843240826108113,152.62,-0.032755740736375855,49.03636363636364,0.006060606060607654,164450,-0.7572351797451247,1.1065119812472606,0.006060606060607654,0.0,-0.22865873125591796,SHORT,0.0019648697308640595,-0.0879952124840584,-3.57297722085075,-0.0826610441050381,0.04599981054580582,1.0
2024-01-05,5.65,-1.4059985568298599,152.05,-0.37417577381134204,49.04242424242425,0.006060606060607654,163175,-0.7783328113784874,-0.032755740736375855,0.006060606060607654,-0.7572351797451247,-0.009773727143451781,NEUTRAL,-0.0035945665329310972,-0.08675789015238371,-3.591071089208652,-0.0822796140469794,0.04543280849223752,1.0
2024-01-08,5.68,0.5295687574710283,152.29,0.1577183740225833,49.06060606060606,0.006060606060607654,161725,-0.8925882591232022,-0.37417577381134204,0.006060606060607654,-0.7783328113784874,0.0808751127933199,LONG,-0.0031073047497679283,-0.08711824049316194,-3.5504263041203576,-0.08235132036151248,0.045542924660336936,1.0
2024-01-09,5.62,-1.0619568827460262,153.46,0.7653348885919873,49.06666666666667,0.006060606060607654,160550,-0.7291941394526227,0.1577183740225833,0.006060606060607654,-0.8925882591232022,0.06378508516032749,LONG,-0.006141671098585284,-0.08773102802039379,-3.5590968021990363,-0.0821791682804442,0.045557343501321124,0.0
2024-01-10,5.65,0.5323881252750017,152.86,-0.39174769347811567,49.07272727272727,0.0060606060606005485,158900,-1.0330346992852655,0.7653348885919873,0.006060606060607654,-0.7291941394526227,-0.038726930995382144,SHORT,-0.0009778519314015775,-0.08909837723626392,-3.570223514432709,-0.0833214232992244,0.04696172252582553,0.0
2024-01-11,5.67,0.35335725813110447,153.58,0.4699134087659506,49.07878787878788,0.006060606060607654,157325,-0.9961344129673042,-0.39174769347811567,0.0060606060606005485,-1.0330346992852655,0.05069081251461364,LONG,-0.000845426388203856,-0.08952878598129695,-3.567795161758712,-0.08332985426506445,0.04703859932203713,1.0
2024-01-12,5.58,-1.6000341346441076,152.85,-0.47645555655540467,49.084848484848486,0.006060606060607654,155825,-0.958014671808296,0.4699134087659506,0.006060606060607654,-0.9961344129673042,0.041284508297738325,LONG,-0.0064618828082287,-0.0873236147958481,-3.603383409866043,-0.0828114092631431,0.046596812643722396,0.0
2024-01-16,5.71,2.303024727469933,156.64,2.449313044535674,49.10909090909091,0.006060606060607654,154725,-0.7084235069489117,-0.47645555655540467,0.006060606060607654,-0.958014671808296,0.05952967689397974,LONG,0.0007738887798008267,-0.07756114021198855,-3.628094402006518,-0.0834657160957821,0.045939694424630306,1.0
2024-01-17,5.72,0.17497817237875507,158.39,1.111016729212868,49.11515151515152,0.006060606060607654,154075,-0.42098507771184107,2.449313044535674,0.006060606060607654,-0.7084235069489117,-0.11004989288550689,SHORT,-0.0013568626205698701,-0.07547542501046559,-3.632681936565438,-0.08360880123958345,0.045844042345641545,0.0
2024-01-18,5.71,-0.1749781723787595,157.94,-0.2845132004893912,49.121212121212125,0.006060606060607654,157325,2.087423256469043,1.111016729212868,0.006060606060607654,-0.42098507771184107,-0.2478206358681073,SHORT,-0.005172177060333953,-0.07002991066701537,-3.639379230170529,-0.0836267575179808,0.04514873717067236,1.0
2024-01-19,5.75,0.698083114134014,156.87,-0.6797777201285954,49.12727272727273,0.006060606060607654,157875,0.34898512576578367,-0.2845132004893912,0.006060606060607654,2.087423256469043,-0.2512855155436827,SHORT,-0.0011858141880268722,-0.07181410717795393,-3.655820732438618,-0.0837988010999671,0.04600579164442686,0.0
2024-01-22,5.71,-0.6980831141340205,156.8,-0.044632895184143,49.14545454545455,0.006060606060607654,156750,-0.7151401157625128,-0.6797777201285954,0.006060606060607654,0.34898512576578367,0.09823671821212973,LONG,0.00024289056615611065,-0.0686520471176064,-3.660136404035299,-0.08245270198713035,0.04469467831105556,0.0
2024-01-23,5.78,1.2184659016367219,157.84,0.6610753798052347,49.151515151515156,0.006060606060607654,159575,1.786185162909087,-0.044632895184143,0.006060606060607654,-0.7151401157625128,0.13342683539199252,LONG,0.0018352557402219038,-0.06816650243459435,-3.6529023475327125,-0.0832081584798524,0.044590579529461105,1.0
2024-01-24,5.88,1.7153079226249492,156.34,-0.9548738922175485,49.157575757575756,0.0060606060606005485,157725,-1.1661020885247846,0.6610753798052347,0.006060606060607654,1.786185162909087,-0.2012582863915807,SHORT,0.0020044215828686172,-0.06742818942161381,-3.606907259563755,-0.08449076386432125,0.045929883482270006,0.0
2024-01-25,5.88,0.0,157.37,0.6566597820588729,49.163636363636364,0.006060606060607654,155175,-1.6299497957156743,-0.9548738922175485,0.0060606060606005485,-1.1661020885247846,0.14692746056439965,LONG,-0.0014321186573221165,-0.06589491863763086,-3.5657395911517096,-0.08380761383567856,0.045315293354689756,1.0
2024-01-26,5.84,-0.6825965070399871,156.94,-0.2736153913445911,49.16969696969697,0.006060606060607654,151350,-2.495847683198878,0.6566597820588729,0.006060606060607654,-1.6299497957156743,0.14862323675206185,LONG,-0.0027155186223204904,-0.06541149530522679,-3.5765942284048315,-0.08335197506403601,0.04495728517053166,0.0
2024-01-29,5.88,0.6825965070399891,157.16,0.1400827990931744,49.18787878787879,0.0060606060606005485,150350,-0.6629126033189571,-0.2736153913445911,0.006060606060607654,-2.495847683198878,0.14611716734577768,LONG,0.0008068715728790487,-0.06259331802411515,-3.5871146606791453,-0.08416931027043026,0.0451627667537603,1.0
2024-01-30,5.94,1.0152371464018128,157.13,-0.019090648821859388,49.193939393939395,0.006060606060607654,148475,-1.254931553261416,0.1400827990931744,0.0060606060606005485,-0.6629126033189571,0.024215057327840454,NEUTRAL,0.0019079608916960245,-0.06240338049908102,-3.5888905346268047,-0.08440650068521853,0.045392719933774806,1.0
2024-01-31,5.91,-0.5063301956546762,156.23,-0.5744207778228655,49.2,0.006060606060607654,146475,-1.3561828471071595,-0.019090648821859388,0.006060606060607654,-1.254931553261416,0.08404029152428374,LONG,-0.0013423898787167862,-0.0616496398742724,-3.587954579786428,-0.08342644440507851,0.044375544011028056,0.0
2024-02-01,5.89,-0.338983375451154,157.42,0.7588112290492379,49.19655172413793,-0.0034482758620697496,145425,-0.7194275634027085,-0.5744207778228655,0.006060606060607654,-1.3561828471071595,0.12710852395567596,LONG,-0.0010361701475700997,-0.05948301731306678,-3.5424440228875236,-0.08357122508416255,0.04425348185721878,0.0
2024-02-02,5.86,-0.5106394074574028,159.41,1.2562106931251193,49.19310344827586,-0.0034482758620697496,140225,-3.6412214402424627,0.7588112290492379,-0.0034482758620697496,-0.7194275634027085,0.0705951084308597,LONG,0.0005981248971122614,-0.0586841932222623,-3.5108420953110757,-0.08324124341331172,0.04340357617493196,0.0
2024-02-05,5.83,-0.5132603226520314,161.38,1.2282332774805187,49.18275862068966,-0.003448275862062644,139425,-0.5721453118783196,1.2562106931251193,-0.0034482758620697496,-3.6412214402424627,0.15644155477130103,LONG,0.0011086403308012416,-0.06052340210305658,-3.510876349846256,-0.08360140947147067,0.04382170604183222,0.0
2024-02-06,5.8,-0.5159082810027448,160.0,-0.8588017186533504,49.17931034482759,-0.0034482758620697496,138800,-0.4492774202913331,1.2282332774805187,-0.003448275862062644,-0.5721453118783196,-0.19378225286431477,SHORT,-0.0025852673281355452,-0.05802731003205717,-3.6888542422805743,-0.08347023753616568,0.04326887540809643,1.0
2024-02-07,5.72,-1.388911216066715,159.36,-0.4008021397538711,49.17586206896552,-0.0034482758620697496,137850,-0.6867910602898417,-0.8588017186533504,-0.0034482758620697496,-0.4492774202913331,-0.02142010894316744,NEUTRAL,-0.007867854368873542,-0.05638619206441053,-3.6881611977279083,-0.08283300093925822,0.04205118607842484,1.0
2024-02-08,5.71,-0.1749781723787595,160.59,0.7688739237111463,49.17241379310345,-0.0034482758620697496,136825,-0.7463400439823911,-0.4008021397538711,-0.0034482758620697496,-0.6867910602898417,0.12379765430659534,LONG,-0.00558945577579642,-0.05815491027278548,-3.677645131654426,-0.08355148301946705,0.042913290008274596,0.0
2024-02-09,5.65,-1.056347850956926,159.67,-0.5745347721789738,49.16896551724138,-0.0034482758620697496,136825,0.0,0.7688739237111463,-0.0034482758620697496,-0.7463400439823911,0.014142898078494882,NEUTRAL,-0.011247341052188144,-0.06150844388665328,-3.6983456667036663,-0.08387270903279584,0.04328100939852342,0.0
2024-02-12,5.7,0.8810629682154906,159.51,-0.1002569167253193,49.15862068965517,-0.0034482758620697496,136300,-0.3844398327494908,-0.5745347721789738,-0.0034482758620697496,0.0,-0.03986656783137864,SHORT,-0.006365571217109544,-0.06388119479958705,-3.6851244424648355,-0.08503730924263427,0.04425663723807938,0.0
2024-02-13,5.74,0.6993035490970604,162.46,1.832520143845101,49.1551724137931,-0.0034482758620697496,135450,-0.6255770171382796,-0.1002569167253193,-0.0034482758620697496,-0.3844398327494908,0.07024553882338935,LONG,-0.004549504252632307,-0.061674255578886915,-3.691247003579846,-0.08516392357967954,0.04414211551892033,1.0
2024-02-14,5.7,-0.6993035490970637,161.46,-0.6174383655938394,49.15172413793103,-0.0034482758620697496,133825,-1.2069592251659182,1.832520143845101,-0.0034482758620697496,-0.6255770171382796,-0.06882182637354733,SHORT,-0.010177221322232241,-0.05833859893208364,-3.7028418449459557,-0.08326212388251215,0.0425960645497484,1.0
2024-02-15,5.77,1.2205905679503546,160.02,-0.8958626544891571,49.14827586206897,-0.003448275862062644,132525,-0.9761669405575201,-0.6174383655938394,-0.0034482758620697496,-1.2069592251659182,-0.014577954548161708,NEUTRAL,-0.008629370077732897,-0.059431211710296576,-3.7029169585660684,-0.08341158004171222,0.04282611943548864,0.0
2024-02-16,5.88,1.888468139052742,159.8,-0.13757740898036305,49.1448275862069,-0.0034482758620697496,130675,-1.4057982274884269,-0.8958626544891571,-0.003448275862062644,-0.9761669405575201,0.15091122749225977,LONG,0.00047467532863926763,-0.05353698350179052,-3.7305047178925266,-0.08590964592402416,0.04509697469804741,1.0
2024-02-20,5.89,0.16992357529598429,158.45,-0.8483947195244695,49.13103448275862,-0.0034482758620697496,125925,-3.7026832967271335,-0.13757740898036305,-0.0034482758620697496,-1.4057982274884269,0.17126183521766777,LONG,-0.0014590024706770694,-0.054913474302502104,-3.741559002030215,-0.08540598036307043,0.04512128337747967,1.0
2024-02-21,5.92,0.5080451232418913,158.95,0.3150601219881872,49.12758620689655,-0.0034482758620697496,124075,-1.480027015820966,-0.8483947195244695,-0.0034482758620697496,-3.7026832967271335,0.33978082901705814,LONG,-0.0009309905412353964,-0.05443320091814981,-3.7410558960298066,-0.08536278740029199,0.0451341709163261,1.0
2024-02-22,5.95,0.5054770661624054,158.83,-0.0755239509747856,49.12413793103448,-0.0034482758620697496,122775,-1.053280954819621,0.3150601219881872,-0.0034482758620697496,-1.480027015820966,0.09350965981421368,LONG,-0.000503393463896341,-0.05415272072871411,-3.747446304593188,-0.08599553148640757,0.04515309151673874,1.0
2024-02-23,5.91,-0.6745388139531538,158.43,-0.25215924601121625,49.12068965517241,-0.0034482758620697496,122900,0.10176046466807466,-0.0755239509747856,-0.0034482758620697496,-1.053280954819621,0.033804277847317626,LONG,0.00042553050062806366,-0.05512617294502225,-3.79653572312944,-0.08721614157455097,0.04601423593706799,0.0
2024-02-26,5.86,-0.8496227829085533,158.77,0.21437587024687785,49.11034482758621,-0.0034482758620697496,127825,3.929112439407377,-0.25215924601121625,-0.0034482758620697496,0.10176046466807466,-0.01828277291127693,NEUTRAL,-0.001227714191872219,-0.055518176310563015,-3.80183439293009,-0.08774390968739205,0.046509246402162696,1.0
2024-02-27,5.88,0.34071583216141343,158.6,-0.10713048886726809,49.10689655172414,-0.0034482758620697496,126525,-1.0222223865921218,0.21437587024687785,-0.0034482758620697496,3.929112439407377,-0.33630792769025264,SHORT,0.0009028756452629984,-0.056616616507822834,-3.793639878283698,-0.08768642691926848,0.046575708885111866,0.0
2024-02-28,5.91,0.5089069507471228,160.11,0.9475769813215583,49.10344827586207,-0.0034482758620697496,124825,-1.352716071346866,-0.10713048886726809,-0.0034482758620697496,-1.0222223865921218,0.17600628608105287,LONG,0.0036348602540289474,-0.05602655844068865,-3.7985257043434064,-0.08793895335462543,0.046877642441674694,1.0
2024-02-29,5.91,0.0,159.96,-0.09372950353455306,49.1,-0.0034482758620697496,122675,-1.7374174410705834,0.9475769813215583,-0.0034482758620697496,-1.352716071346866,0.039629015745553144,LONG,0.0004101869267211424,-0.06348737537965368,-3.7821186099347965,-0.08804008099776706,0.047805441757553635,1.0
2024-03-01,5.91,0.0,158.98,-0.6145375833651132,49.160714285714285,0.06071428571428328,121375,-1.065365536447807,-0.09372950353455306,-0.0034482758620697496,-1.7374174410705834,0.05564274129898275,LONG,0.0027489233142433903,-0.06759124152516849,-3.637894559779085,-0.0879460078728485,0.04769805299719321,1.0
2024-03-04,5.92,0.1690617477907452,159.28,0.18852516109742432,49.34285714285714,0.06071428571428328,116775,-3.8635920223317273,-0.6145375833651132,0.06071428571428328,-1.065365536447807,-0.1330184223455166,SHORT,0.005601606545249671,-0.06830177544371663,-3.668550081421199,-0.08885155640303771,0.04918063578313203,0.0
2024-03-05,5.9,-0.33840979842404567,159.19,-0.056520238889633714,49.40357142857143,0.060714285714290384,114075,-2.339287957470546,0.18852516109742432,0.06071428571428328,-3.8635920223317273,0.3912400832375029,LONG,-0.0015711928745584976,-0.07257697712149058,-2.737004484838102,-0.08897255279991839,0.04938498490440457,0.0
2024-03-06,5.9,0.0,157.39,-1.1371655803535006,49.464285714285715,0.06071428571428328,113775,-0.26333129107606573,-0.056520238889633714,0.060714285714290384,-2.339287957470546,0.13013593505836235,LONG,-0.004758559523059529,-0.07265730708795347,-2.7232949195622833,-0.08850553382029093,0.049421267868396734,1.0
2024-03-07,5.93,0.5071862097960128,155.4,-1.2724363629962403,49.525,0.06071428571428328,113525,-0.21997369186908608,-1.1371655803535006,0.06071428571428328,-0.26333129107606573,0.0867287698743017,LONG,-0.007114632715034982,-0.07214978318883587,-2.703961904173196,-0.08821083134920789,0.04950424833995526,1.0
2024-03-08,5.86,-1.187460942071274,154.7,-0.45146803545266945,49.58571428571429,0.060714285714290384,112800,-0.6406737920056327,-1.2724363629962403,0.06071428571428328,-0.21997369186908608,0.2238081238145523,LONG,-0.01560789179824962,-0.07357669794723996,-2.68611969950164,-0.08655489637542187,0.048007034493202316,0.0
2024-03-11,5.95,1.5241615968617042,155.67,0.6250624468737498,49.767857142857146,0.060714285714290384,110850,-1.7438403001638025,-0.45146803545266945,0.060714285714290384,-0.6406737920056327,0.2152670505358662,LONG,-0.005618742627851324,-0.06625462802743443,-2.6679313784211667,-0.08596089165262688,0.047355884179987595,1.0
2024-03-12,5.96,0.1679261519719994,156.01,0.21817257114001673,49.82857142857143,0.06071428571428328,110900,0.045095829400090895,0.6250624468737498,0.060714285714290384,-1.7438403001638025,0.16920772122193475,LONG,-0.005813794979887883,-0.06648293433028471,-2.652925482477765,-0.08578042239223223,0.047355037607877515,1.0
2024-03-13,6.13,2.8124268870861626,155.2,-0.5205500010039733,49.88928571428571,0.06071428571428328,108925,-1.796932235281559,0.21817257114001673,0.06071428571428328,0.045095829400090895,-0.043743111427230835,SHORT,0.0061928685018858365,-0.07850599576481891,-2.536625303426402,-0.083537503447227,0.047370851262082625,0.0
2024-03-14,6.14,0.162999221093097,156.96,1.1276388067934757,49.95,0.060714285714290384,108050,-0.8065489050610825,-0.5205500010039733,0.06071428571428328,-1.796932235281559,0.23957973900533186,LONG,0.0045901539750166954,-0.07802559363421767,-2.498115476536974,-0.08321406643854862,0.04696531547515981,1.0
2024-03-15,6.28,2.254523832105622,157.46,0.31804619392682393,50.010714285714286,0.06071428571428328,107300,-0.6965433316242227,1.1276388067934757,0.060714285714290384,-0.8065489050610825,0.046330601995572214,LONG,0.008318343116584172,-0.07764662232841102,-2.4128786300175054,-0.08357420996508959,0.04691914458604618,1.0
2024-03-18,6.3,0.31796529173795846,157.9,0.2790463505275237,50.19285714285714,0.060714285714290384,106825,-0.4436668106564172,0.31804619392682393,0.06071428571428328,-0.6965433316242227,0.023211325522297502,NEUTRAL,0.009623408844828664,-0.07698240206961207,-2.410397596627214,-0.08313806251120523,0.046089895522334445,1.0
2024-03-19,6.24,-0.9569451016150673,159.02,0.7068059211741076,50.253571428571426,0.06071428571428328,106700,-0.11708232223809215,0.2790463505275237,0.060714285714290384,-0.4436668106564172,0.05123932238486659,LONG,0.0075115089666263615,-0.07801766508888452,-2.4339646070840977,-0.08312014836128094,0.04601873752092389,0.0
2024-03-20,6.21,-0.48192864359489945,158.4,-0.39065010930119426,50.31428571428571,0.06071428571428328,112325,5.137529664851596,0.7068059211741076,0.06071428571428328,-0.11708232223809215,-0.001040672677264304,NEUTRAL,0.005144352032595646,-0.07581902843459482,-2.437988378458674,-0.08332564645496836,0.04624423233401076,1.0
2024-03-21,6.18,-0.4842624475788015,158.31,-0.05683432946393346,50.375,0.060714285714290384,111325,-0.8942603748457574,-0.39065010930119426,0.06071428571428328,5.137529664851596,-0.3768401616587085,SHORT,0.003452552520524131,-0.07504751123142443,-2.4386112070326993,-0.08283233445410504,0.045647077272520487,1.0
2024-03-22,6.15,-0.4866189651172788,160.17,1.1680615094518336,50.43571428571428,0.06071428571428328,113850,2.2427941301982557,-0.05683432946393346,0.060714285714290384,-0.8942603748457574,0.2804237214640489,LONG,0.001509723664713667,-0.07558837808294976,-2.43129593442296,-0.08340973082359923,0.045975147839201536,0.0
2024-03-25,6.14,-0.16273396593754824,159.74,-0.26882576909615424,50.61785714285714,0.06071428571428328,117900,3.4955015033576635,1.1680615094518336,0.06071428571428328,2.2427941301982557,-0.22796073713456144,SHORT,0.0030825905868833627,-0.0757958202111088,-2.4453541608056635,-0.08339015090317299,0.04596703231874555,1.0
2024-03-26,6.13,-0.16299922109310644,159.46,-0.17543864148934732,50.67857142857142,0.06071428571428328,117400,-0.42499001493291516,-0.26882576909615424,0.06071428571428328,3.4955015033576635,-0.22673007828220967,SHORT,0.003359054760791013,-0.07581392412301138,-2.4571666715096874,-0.0833154618788307,0.04587063952699222,1.0
2024-03-27,6.13,0.0,159.94,0.30056378293943453,50.739285714285714,0.060714285714290384,113100,-3.731452427192127,-0.17543864148934732,0.06071428571428328,-0.42499001493291516,0.2025215668226148,LONG,0.0011680977855371777,-0.07521935866376603,-2.45499673898418,-0.0829568519698569,0.045624081328520916,1.0
2024-03-28,6.14,0.162999221093097,160.25,0.19363508970355936,50.8,0.06071428571428328,112475,-0.5541408394838745,0.30056378293943453,0.060714285714290384,-3.731452427192127,0.34891291272199004,LONG,0.0029739238121913886,-0.07503865540316944,-2.45824989373698,-0.08277115418827159,0.04554949639045336,1.0
2024-04-01,6.24,1.6155440222285207,161.75,0.9316837580230539,50.75151515151515,-0.012121212121208202,112475,0.0,0.19363508970355936,0.06071428571428328,-0.5541408394838745,-0.0027089448107067704,NEUTRAL,0.007683436226993138,-0.07262628763953771,-3.6718374175980597,-0.08303941587834521,0.046230841995341665,0.0
2024-04-02,6.25,0.16012813669738277,160.9,-0.5268879382672398,50.739393939393935,-0.012121212121215308,111925,-0.490197060020678,0.9316837580230539,-0.012121212121208202,0.0,0.24058677353862612,LONG,0.005954215929970583,-0.07368950121346231,-3.657665126679687,-0.08299144581666142,0.04643796946591372,1.0
2024-04-03,6.41,2.5277807184268606,159.26,-1.0244967169038823,50.72727272727273,-0.012121212121208202,112975,0.9337551170314138,-0.5268879382672398,-0.012121212121215308,-0.490197060020678,0.023994690631173706,NEUTRAL,0.011342910289371903,-0.07788520381654265,-3.662209321650552,-0.08223358271329305,0.046153412655448145,1.0
2024-04-04,6.42,0.15588467692910996,157.33,-1.2192576576966763,50.71515151515151,-0.012121212121215308,112525,-0.39911361183470406,-1.0244967169038823,-0.012121212121208202,0.9337551170314138,0.020388298600387947,NEUTRAL,0.010256457098848778,-0.07693742250997695,-3.6608386437506577,-0.08313748028255412,0.04646795953521354,1.0
2024-04-05,6.45,0.4662013105811371,158.71,0.8733127267135316,50.7030303030303,-0.012121212121208202,115525,2.63115375773337,-1.2192576576966763,-0.012121212121215308,-0.39911361183470406,0.20687979547122795,LONG,0.010691174732752213,-0.07622358797990716,-3.6454025498032117,-0.08281036063301603,0.04630807596915987,1.0
2024-04-08,6.48,0.4640379556502301,157.78,-0.5876979852523723,50.666666666666664,-0.012121212121215308,114275,-1.087913253852203,0.8733127267135316,-0.012121212121208202,2.63115375773337,-0.2180078578947509,SHORT,0.013439524582272468,-0.07593284611575295,-4.303689364202156,-0.08273032287834324,0.04636331340087385,0.0
2024-04-09,6.47,-0.15444018513742472,157.25,-0.3364762086393654,50.65454545454545,-0.012121212121215308,124225,8.34866132705762,-0.5876979852523723,-0.012121212121215308,-1.087913253852203,0.134730562934769,LONG,0.011641805888551675,-0.07518875626174942,-4.2302778358789475,-0.08147126022875968,0.046451468072826074,0.0
2024-04-10,6.56,1.3814494443188514,161.27,2.5243083411874396,50.64242424242424,-0.012121212121208202,123475,-0.6055731061695698,-0.3364762086393654,-0.012121212121215308,8.34866132705762,-0.6509159197823574,SHORT,0.015612535660949854,-0.07172590378498732,-4.343732768738802,-0.08263134577992468,0.04646040419339792,0.0
2024-04-11,6.53,-0.45836596676579283,161.54,0.16728110217257777,50.630303030303025,-0.012121212121215308,124850,1.1074310299093715,2.5243083411874396,-0.012121212121208202,-0.6055731061695698,0.09623977034967954,LONG,0.015293271827238178,-0.07173427315582315,-4.34593963868969,-0.08269735620806795,0.04668012351156947,0.0
2024-04-12,6.58,0.7627802048886068,163.89,1.4442681061585732,50.61818181818182,-0.012121212121208202,124425,-0.3409891981164353,0.16728110217257777,-0.012121212121215308,1.1074310299093715,-0.2817773337173883,SHORT,0.015359247501982119,-0.07110214376261154,-4.346321713164936,-0.08421301190069673,0.04728466760167804,0.0
2024-04-15,6.78,2.994235661507832,164.47,0.3532711677441695,50.58181818181818,-0.012121212121215308,123475,-0.7664418317929385,1.4442681061585732,-0.012121212121208202,-0.3409891981164353,-0.04859677282706987,SHORT,0.019232305762214585,-0.06939404217883745,-4.29125245964279,-0.08479435979477595,0.046750052375117535,0.0
2024-04-16,6.72,-0.8888947417246152,166.0,0.9259605603365667,50.56969696969697,-0.012121212121208202,123875,0.32342862234636305,0.3532711677441695,-0.012121212121215308,-0.7664418317929385,-0.044623753696906125,SHORT,0.020646364627773618,-0.06988759892367913,-4.358779142373062,-0.08466111934073578,0.046362263416378835,1.0
2024-04-17,6.76,0.5934735519814527,165.01,-0.5981710231829666,50.557575757575755,-0.012121212121215308,123775,-0.08075914026653577,0.9259605603365667,-0.012121212121208202,0.32342862234636305,-0.12272784400762339,SHORT,0.020294874878466027,-0.0699838490222976,-4.325030180878889,-0.08430580507019912,0.046224228423037084,0.0
2024-04-18,6.9,2.0498521548340967,164.98,-0.018182369212797422,50.54545454545455,-0.012121212121208202,122925,-0.6890987949483695,-0.5981710231829666,-0.012121212121215308,-0.08075914026653577,0.010237027275725822,NEUTRAL,0.021279732498305632,-0.07134643782188833,-4.299124191936698,-0.0856389425954709,0.04751117163742502,1.0
2024-04-19,7.0,1.4388737452099452,165.3,0.1937750394392916,50.53333333333333,-0.012121212121215308,122125,-0.6529302935056218,-0.018182369212797422,-0.012121212121208202,-0.6890987949483695,0.10508133677728193,LONG,0.023055431419139346,-0.07103195393663145,-4.286455808138379,-0.08613057736306899,0.04774836120776982,1.0
2024-04-22,6.95,-0.7168489478612516,164.82,-0.29080354917410806,50.49696969696969,-0.012121212121215308,121200,-0.7603036727732712,0.1937750394392916,-0.012121212121215308,-0.6529302935056218,0.026788103712419575,NEUTRAL,0.016067632214684255,-0.07484591014585326,-4.114501111602238,-0.08496468616327311,0.04872752848938944,0.0
2024-04-23,6.85,-1.4493007302566865,163.17,-1.0061367232258434,50.484848484848484,-0.012121212121208202,120600,-0.49627893421290137,-0.29080354917410806,-0.012121212121215308,-0.7603036727732712,0.05887113039616726,LONG,0.015458730286154816,-0.0727940154033149,-4.138035882562379,-0.08253477992207724,0.0453168341487491,0.0
2024-04-24,6.86,0.14587894636600882,163.02,-0.09197094366675623,50.47272727272727,-0.012121212121215308,120225,-0.3114297129358781,-1.0061367232258434,-0.012121212121208202,-0.49627893421290137,0.12595913397809122,LONG,0.02043747330224864,-0.08016689764522686,-4.262575259738687,-0.07927180595195366,0.04311683654889975,1.0
2024-04-25,6.98,1.7341475036487173,162.47,-0.33795233246524836,50.46060606060606,-0.012121212121208202,120400,0.14545457109943616,-0.09197094366675623,-0.012121212121215308,-0.3114297129358781,0.08134299901536218,LONG,0.019664621287736783,-0.08251717491404778,-4.092983713897151,-0.07831477582868451,0.04308967934199803,1.0
2024-04-26,7.01,0.4288784272217499,162.32,-0.09236738240997251,50.448484848484846,-0.012121212121215308,118550,-1.5484720363306124,-0.33795233246524836,-0.012121212121208202,0.14545457109943616,0.020963091356543583,NEUTRAL,0.020352191293362507,-0.08232173062565985,-4.100253467612077,-0.07835962629219308,0.042406823552119666,1.0
2024-04-29,7.13,1.6973533379705967,160.98,-0.8289561851971596,50.412121212121214,-0.012121212121208202,117500,-0.8896478927200793,-0.09236738240997251,-0.012121212121215308,-1.5484720363306124,0.16323494994040977,LONG,0.025779735169037137,-0.08124053903728948,-4.179080927833176,-0.0791933697487867,0.04201830754395952,1.0
2024-04-30,7.03,-1.4124528603630977,163.58,1.6022033641240434,50.4,-0.012121212121215308,116125,-1.1771136450211053,-0.8289561851971596,-0.012121212121208202,-0.8896478927200793,0.12027065021669459,LONG,0.022464799214367472,-0.08515828066517261,-4.142289121773101,-0.07865303509394912,0.04207557694027242,0.0
2024-05-01,7.0,-0.42765567672603044,162.94,-0.39201324243323826,50.37096774193548,-0.029032258064518146,117375,1.070674039442445,1.6022033641240434,-0.012121212121215308,-1.1771136450211053,-0.02074473601036864,NEUTRAL,0.017393858666635124,-0.08892675767154731,-4.0299551254632755,-0.08402551140702301,0.0459788405751117,1.0
2024-05-02,6.86,-2.0202707317519355,161.09,-1.1418819872621504,50.34193548387097,-0.02903225806451104,115275,-1.8053359435657765,-0.39201324243323826,-0.029032258064518146,1.070674039442445,-0.09978314700709341,SHORT,0.013238631504208915,-0.08441866746270535,-3.9989051581914823,-0.08282814896733942,0.0441966795253923,1.0
2024-05-03,6.89,0.43636432877732717,158.9,-1.3688141467203876,50.31290322580645,-0.029032258064518146,111300,-3.5091319811270063,-1.1418819872621504,-0.02903225806451104,-1.8053359435657765,0.27028583978449405,LONG,0.015279087613160582,-0.08604784900819319,-4.03287682496127,-0.08217507083670972,0.043719338590376466,1.0
2024-05-06,6.96,1.0108389320761058,158.53,-0.2331223687533867,50.225806451612904,-0.02903225806451104,111300,0.0,-1.3688141467203876,-0.029032258064518146,-3.5091319811270063,0.40439185919560455,LONG,0.021356141642955448,-0.08239261656532883,-0.5803954736644474,-0.08209737862439424,0.04154320077679019,1.0
2024-05-07,6.96,0.0,159.23,0.4405848013198221,50.196774193548386,-0.029032258064518146,107350,-3.6134733956709115,-0.2331223687533867,-0.02903225806451104,0.0,-0.008249317043925942,NEUTRAL,0.021855124906596572,-0.08364846887467485,-0.545488177072633,-0.08175481124082354,0.04157226630576494,0.0
2024-05-08,6.91,-0.7209836566749755,160.51,0.8006548056791679,50.16774193548387,-0.029032258064518146,106000,-1.2655430212722922,0.4405848013198221,-0.029032258064518146,-3.6134733956709115,0.25288380088075596,LONG,0.019769652500590883,-0.0836392114441292,-0.5638948998434475,-0.08161528111609737,0.0412332257505581,0.0
2024-05-09,6.94,0.4332136739134737,159.27,-0.7755370661436453,50.13870967741936,-0.02903225806451104,104375,-1.54489109410476,0.8006548056791679,-0.029032258064518146,-1.2655430212722922,-0.0888932862738709,SHORT,0.021394636563477176,-0.08324244627794883,-0.5364727672945171,-0.08039630719269412,0.039897786285023606,0.0
2024-05-10,7.06,1.7143276986437437,159.47,0.12549414961908964,50.10967741935484,-0.029032258064518146,103450,-0.8901778979467506,-0.7755370661436453,-0.02903225806451104,-1.54489109410476,0.10515265638547837,LONG,0.02513671823339131,-0.08263549467331066,-0.5572593797989732,-0.08068968646425623,0.03988326097210648,1.0
2024-05-13,7.2,1.9635974516858934,158.93,-0.33919630511525567,50.02258064516129,-0.02903225806451104,103100,-0.3389013168637758,0.12549414961908964,-0.029032258064518146,-0.8901778979467506,0.06202526611605966,LONG,0.029147065007934306,-0.08344771890823037,-0.5808893492827104,-0.08069689415079802,0.03962733382742589,1.0
2024-05-14,7.39,2.604670893810069,158.52,-0.258308538649396,49.99354838709677,-0.029032258064518146,104750,1.587716777933285,-0.33919630511525567,-0.02903225806451104,-0.3389013168637758,0.032169709330277844,LONG,0.03540295150295798,-0.08408265985335368,-0.5990100043636021,-0.07941306577672491,0.03838688742268326,1.0
2024-05-15,7.39,0.0,156.57,-1.237757399880278,49.964516129032255,-0.029032258064518146,104625,-0.11940299926076894,-0.258308538649396,-0.029032258064518146,1.587716777933285,-0.09258260873462165,SHORT,0.033606484234622785,-0.08257517759706665,-0.6414531936187324,-0.08054703253502538,0.038827377395583174,0.0
2024-05-16,7.3,-1.2253386805764888,156.46,-0.07028080664969014,49.935483870967744,-0.02903225806451104,104425,-0.19134184264003473,-1.237757399880278,-0.029032258064518146,-0.11940299926076894,0.15753730403043262,LONG,0.03279916191616224,-0.07882552979026819,-0.5997307601513256,-0.0807800778089058,0.03855862759474338,0.0
2024-05-17,7.55,3.3673215106587806,156.16,-0.19192635921523282,49.906451612903226,-0.029032258064518146,103650,-0.7449271501450463,-0.07028080664969014,-0.02903225806451104,-0.19134184264003473,0.10100676807949685,LONG,0.037068336407997636,-0.07757498358040131,-0.7223403421988633,-0.08152824762999197,0.03845609200985722,1.0
2024-05-20,7.61,0.7915608612661218,156.64,0.3069056117417747,49.81935483870968,-0.029032258064518146,105900,2.147541372557218,-0.19192635921523282,-0.029032258064518146,-0.7449271501450463,0.08734038441017512,LONG,0.03952330388557215,-0.07732759206798943,-0.7217753173419187,-0.08085709628960355,0.03798042163317639,1.0
2024-05-21,7.65,0.5242475964850044,156.9,0.1658480956786723,49.79032258064516,-0.029032258064518146,108200,2.148611380502035,0.3069056117417747,-0.029032258064518146,2.147541372557218,-0.18850815862308226,SHORT,0.041136938471389044,-0.07763659970168811,-0.732308805918543,-0.08057204743263692,0.03770429683976817,0.0
2024-05-22,7.3,-4.683129968409909,158.01,0.7049662424420604,49.76129032258064,-0.029032258064518146,110250,1.8769147914574191,0.1658480956786723,-0.029032258064518146,2.148611380502035,-0.1607679654604531,SHORT,0.03471231266515074,-0.08132636500911196,-0.5487018787344609,-0.08082525787220882,0.038928630979951584,1.0
2024-05-23,7.23,-0.963531198367203,158.63,0.39161242569561666,49.73225806451613,-0.02903225806451104,110025,-0.20429016298002933,0.7049662424420604,-0.029032258064518146,1.8769147914574191,-0.17551655612919972,SHORT,0.029923864543872365,-0.07737103505242555,-0.5724052098417807,-0.07986560303963383,0.037839445848134146,1.0
2024-05-24,7.17,-0.833338155914441,157.97,-0.4169304839358011,49.70322580645161,-0.029032258064518146,112675,2.379995587955686,0.39161242569561666,-0.02903225806451104,-0.20429016298002933,-0.028016455757174253,NEUTRAL,0.02888901908378472,-0.07672960338827686,-0.5598735981077057,-0.08039526736924242,0.038223140389276766,1.0
2024-05-28,7.29,1.659789140903783,157.0,-0.6159336232697747,49.58709677419355,-0.029032258064518146,114750,1.8248280363942584,-0.4169304839358011,-0.029032258064518146,2.379995587955686,-0.18809248776412857,SHORT,0.031814776715834284,-0.0777162643611028,-0.6233684906728955,-0.07981431480370432,0.03754962223118363,0.0
2024-05-29,7.24,-0.6882339622941789,158.02,0.6475801946279226,49.55806451612903,-0.029032258064518146,117300,2.197890671877517,-0.6159336232697747,-0.029032258064518146,1.8248280363942584,-0.02094792912363006,NEUTRAL,0.032095742497498005,-0.07792019844585574,-0.5725318095106641,-0.07991898647685591,0.03807819958380754,1.0
2024-05-30,7.01,-3.228350535112633,157.65,-0.23442213035174114,49.52903225806452,-0.02903225806451104,118125,0.7008630154476975,0.6475801946279226,-0.029032258064518146,2.197890671877517,-0.15798496442329327,SHORT,0.028315207960045365,-0.07584115013340124,-0.4281013531893121,-0.08033465086410654,0.03879074103501301,1.0
2024-05-31,6.92,-1.292193141692045,157.39,-0.16505844275604223,49.5,-0.029032258064518146,116475,-1.4066728111046363,-0.23442213035174114,-0.02903225806451104,0.7008630154476975,-0.061419124178511385,SHORT,0.02621519990162289,-0.07565418105169393,-0.3749232512640326,-0.07994347230476116,0.03851639964777975,1.0
2024-06-03,6.99,1.0064786616140837,155.94,-0.9255483682055572,49.5,0.0,116000,-0.40864665964958463,-0.16505844275604223,-0.029032258064518146,-1.4066728111046363,0.14068729141157602,LONG,0.029109227176698907,-0.07782107042147922,0.06357624946960035,-0.08020772955103077,0.0388577358014045,1.0
2024-06-04,6.83,-2.315588266302025,156.62,0.43511714413378355,49.5,0.0,118950,2.5113045642602043,-0.9255483682055572,0.0,-0.40864665964958463,0.07787480475126772,LONG,0.02680444775603318,-0.07940386634424888,0.11076960564398414,-0.08278507976185275,0.040527904731146314,0.0
2024-06-05,6.95,1.7416985994002179,157.28,0.4205167076064877,49.5,0.0,120000,0.8788506033079337,0.43511714413378355,0.0,2.5113045642602043,-0.15476450685191245,SHORT,0.02983844231545281,-0.07907756004197503,0.30301198591490963,-0.08268410297261328,0.03987301560349377,0.0
2024-06-06,7.03,1.1445046245872879,156.52,-0.48438590566446976,49.5,0.0,122200,1.8167303955448935,0.4205167076064877,0.0,0.8788506033079337,-0.05703980409585193,SHORT,0.023682115070193542,-0.07144853507491775,0.18564201859291415,-0.08328136873901498,0.03989767935168986,0.0
2024-06-07,6.8,-3.32640936405126,159.1,1.634913800152941,49.5,0.0,123800,1.3008313513000747,-0.48438590566446976,0.0,1.8167303955448935,-0.10643714731673742,SHORT,0.020914827521909672,-0.07825476947288403,0.23197645992243526,-0.0837991892052301,0.04108114620900527,1.0
2024-06-10,6.89,1.314847284350614,159.38,0.17583526258608337,49.5,0.0,125325,1.2243002899071471,1.634913800152941,0.0,1.3008313513000747,-0.13769049364080108,SHORT,0.025958060923831305,-0.07755188913357801,0.24146384828531128,-0.08452600339981775,0.04096425915603519,0.0
2024-06-11,6.84,-0.7283353391108046,159.55,0.10660647546506419,49.5,0.0,127325,1.58325096211012,0.17583526258608337,0.0,1.2243002899071471,-0.18205470159071022,SHORT,0.027290881448322667,-0.07689027627095618,0.24203560956359105,-0.09038161177306593,0.04319934576868556,1.0
2024-06-12,6.82,-0.2928259779088334,156.36,-2.019631179949844,49.5,0.0,127425,0.07850834554370813,0.10660647546506419,0.0,1.58325096211012,-0.10887900810286054,SHORT,0.02497758218858027,-0.07654213812074803,0.18798512858092925,-0.09071321633565986,0.04311514572097419,1.0
2024-06-13,6.75,-1.0316966970932266,158.43,1.3151814462197426,49.5,0.0,132075,3.584198682427415,-2.019631179949844,0.0,0.07850834554370813,0.2051080900604017,LONG,0.023812236754224843,-0.07750433151177975,0.19325320152139425,-0.09139328003237654,0.043420570205267794,0.0
2024-06-14,6.8,0.738010729762246,159.71,0.8046815281266609,49.5,0.0,133925,1.3909998716644587,1.3151814462197426,0.0,3.584198682427415,-0.26861292210634063,SHORT,0.027099495732641872,-0.0742926261530368,0.19069425575945004,-0.0915614453386504,0.04272656314881118,0.0
2024-06-17,6.75,-0.7380107297622533,159.75,0.02504225894261318,49.5,0.0,136675,2.0325903014038906,0.8046815281266609,0.0,1.3909998716644587,-0.15557217627380227,SHORT,0.025772192247567886,-0.0747224956532011,0.18821283121598859,-0.09183948971742155,0.042988501127722345,1.0
2024-06-18,6.76,0.1480385170434203,158.49,-0.7918593413309931,49.5,0.0,155850,13.128816143228322,0.02504225894261318,0.0,2.0325903014038906,-0.16701836280944096,SHORT,0.02863359129281882,-0.07642965232859006,0.21846891358017134,-0.08721233198171445,0.0409393514728601,0.0
2024-06-20,6.84,1.1764841579586431,158.41,-0.05048911435749415,49.5,0.0,161925,3.823925885563467,-0.7918593413309931,0.0,13.128816143228322,-0.9932988258084535,SHORT,0.03197557747998182,-0.07950190074992118,0.16494426892161274,-0.08724963012479249,0.0410800557156914,0.0
2024-06-21,6.69,-2.217385749432197,159.4,0.6230157655355397,49.5,0.0,165175,1.9872252846968568,-0.05048911435749415,0.0,3.823925885563467,0.1271632214620835,LONG,0.03204703841350844,-0.0872623135035633,0.20884919655624534,-0.0881200816628672,0.0430324135943847,0.0
2024-06-24,6.66,-0.44943895878393264,158.4,-0.6293286975789179,49.5,0.0,167825,1.5916251908865753,0.6230157655355397,0.0,1.9872252846968568,-0.08147354858666275,SHORT,0.034915577765648444,-0.0810967939428303,0.2170309496806393,-0.08959215809937948,0.04409135615846349,1.0
2024-06-25,6.58,-1.2084739215072,159.07,0.42208775299434853,49.5,0.0,172850,2.9502396542818423,-0.6293286975789179,0.0,1.5916251908865753,-0.04564496640947615,SHORT,0.034424192902272964,-0.08324938465401083,0.24080072050631085,-0.0906013723693401,0.04484896173811925,1.0
2024-06-26,6.57,-0.15209128407066203,159.44,0.23233189942702925,49.5,0.0,175475,1.5072416248851688,0.42208775299434853,0.0,2.9502396542818423,-0.17448386412694902,SHORT,0.038205699280886796,-0.08143896970669769,0.27986223791316445,-0.09069125360345721,0.045596368938133236,1.0
2024-06-27,6.53,-0.610688920817945,159.05,-0.24490577093861282,49.5,0.0,177750,1.2881486066865113,0.23233189942702925,0.0,1.5072416248851688,-0.06479002886496821,SHORT,0.04699643226218125,-0.07568330869229407,0.36819495420598314,-0.09137525462182311,0.047008884794209393,1.0
2024-06-28,6.58,0.7627802048886068,158.52,-0.3337849872918849,49.5,0.0,180125,1.3272985636335997,-0.24490577093861282,0.0,1.2881486066865113,-0.027919341648587122,NEUTRAL,0.04945328420606871,-0.07675430193830096,0.3759590066329475,-0.09120524196603484,0.047000842325422454,0.0
2024-07-01,6.64,0.9077218151116679,159.24,0.4531729809882099,49.49090909090909,-0.0030303030303002743,180050,-0.04164642248019464,-0.3337849872918849,0.0,1.3272985636335997,-0.0010083501248695573,NEUTRAL,0.048539530882745624,-0.07540554507514903,0.2824426441004132,-0.09541551211832092,0.04893701967033348,0.0
2024-07-02,6.63,-0.1507159290571363,158.66,-0.3648950258259613,49.487878787878785,-0.0030303030303073797,184475,2.427936284954619,0.4531729809882099,-0.0030303030303002743,-0.04164642248019464,0.07403505223500165,LONG,0.04784439078038038,-0.07557753873273283,0.29805260181631815,-0.09491051760566903,0.048628161225674704,0.0
2024-07-03,6.75,1.793770068666725,156.84,-1.1537370449725997,49.484848484848484,-0.0030303030303002743,186450,1.0649153680399537,-0.3648950258259613,-0.0030303030303073797,2.427936284954619,-0.1901337267567425,SHORT,0.04960305086733175,-0.08078671681376717,0.27148939038828007,-0.09463689663013138,0.04891052137616958,0.0
2024-07-05,6.91,2.342713289514015,155.67,-0.7487795376373027,49.47878787878788,-0.0030303030303073797,191625,2.737723056714832,-1.1537370449725997,-0.0030303030303002743,1.0649153680399537,0.14411784629039046,LONG,0.057853059084224466,-0.08538780643170342,0.30911568484635654,-0.09259716613992783,0.048089091299370224,1.0
2024-07-08,6.85,-0.8720985505444652,155.64,-0.019273393140510686,49.46969696969697,-0.0030303030303002743,191475,-0.07830853963210267,-0.7487795376373027,-0.0030303030303073797,2.737723056714832,-0.026229282852500493,NEUTRAL,0.05829590481531334,-0.08067793833359496,-0.9504129728474859,-0.09170563970564692,0.04698279249608872,1.0
2024-07-09,6.8,-0.7326040092072897,156.15,0.32714356127349137,49.46666666666667,-0.0030303030303002743,191025,-0.2352942262026839,-0.019273393140510686,-0.0030303030303002743,-0.07830853963210267,0.17708495714768493,LONG,0.06494325552523855,-0.07256581090707748,-1.0615697667043447,-0.08256495372536797,0.03764743766935241,0.0
2024-07-10,6.83,0.4402061400637665,155.79,-0.23081372047503548,49.46363636363636,-0.0030303030303073797,195475,2.302818447694731,0.32714356127349137,-0.0030303030303002743,-0.2352942262026839,0.0565468822163281,LONG,0.06661770782325233,-0.07270641362829992,-1.0778330358509602,-0.08242797750537961,0.037436079569704295,1.0
2024-07-11,6.64,-2.82127100943563,153.97,-1.1751168282509816,49.46060606060606,-0.0030303030303002743,206775,5.619875156739246,-0.23081372047503548,-0.0030303030303073797,2.302818447694731,-0.1599941965413879,SHORT,0.054453229581192635,-0.06175807841714665,-1.0008638413640438,-0.0859803032444437,0.04019459857045693,1.0
2024-07-12,6.76,1.7910926566530243,153.29,-0.44262260638114487,49.45757575757575,-0.0030303030303073797,206225,-0.26634398311746976,-1.1751168282509816,-0.0030303030303002743,5.619875156739246,-0.28412401503588913,SHORT,0.061422740756447214,-0.0653139286641082,-1.1140653026688807,-0.08820019318708387,0.042246619232667704,0.0
2024-07-15,6.68,-1.1904902506318427,153.75,0.29963545086112414,49.448484848484846,-0.0030303030303073797,210325,1.9686147690081899,-0.44262260638114487,-0.0030303030303073797,-0.26634398311746976,0.3377899293478927,LONG,0.06048330994350981,-0.06289315362192792,-1.1342303499639719,-0.08878021582326945,0.042235372336931976,0.0
2024-07-16,6.62,-0.9022617599637419,155.08,0.8613206116101209,49.445454545454545,-0.0030303030303002743,216475,2.8821113896987693,0.29963545086112414,-0.0030303030303073797,1.9686147690081899,-0.12212773428952133,SHORT,0.06824580608024876,-0.0663316287260858,-1.2146106963094374,-0.09059461145965754,0.042814195844758096,1.0
2024-07-17,6.55,-1.063032030175637,154.16,-0.5950088696617476,49.442424242424245,-0.0030303030303002743,221100,2.1140020529535737,0.8613206116101209,-0.0030303030303002743,2.8821113896987693,-0.21771431030383515,SHORT,0.06529898151383084,-0.06466905176313256,-1.1947050971536992,-0.09087128065327371,0.04303313446946322,1.0
2024-07-18,6.36,-2.943667229512964,154.7,0.3496733472909518,49.43939393939394,-0.0030303030303073797,227425,2.8205425844725007,-0.5950088696617476,-0.0030303030303002743,2.1140020529535737,-0.06708785421500432,SHORT,0.06426371406565437,-0.05857919224494742,-1.2433309381674829,-0.09341210185849798,0.044079285539962876,1.0
2024-07-19,6.33,-0.4728141195946012,155.95,0.80476854747918,49.43636363636364,-0.0030303030303002743,231425,1.743533324514949,0.3496733472909518,-0.0030303030303073797,2.8205425844725007,-0.14674006691391103,SHORT,0.06461819650827313,-0.06060143095818723,-1.239834441438013,-0.09324210527077206,0.0440539052355432,1.0
2024-07-22,6.32,-0.1581027997318707,157.1,0.7347102207763345,49.42727272727273,-0.0030303030303002743,234400,1.2773210749582544,0.80476854747918,-0.0030303030303002743,1.743533324514949,-0.09631285828637762,SHORT,0.05975246732263659,-0.054540986994500364,-1.1585355788708724,-0.0928082833413846,0.04357323269940794,1.0
2024-07-23,6.29,-0.47581374464169235,157.89,0.5016042772221694,49.42424242424242,-0.0030303030303073797,236700,0.9764458817080596,0.7347102207763345,-0.0030303030303002743,1.2773210749582544,-0.09263297251536068,SHORT,0.06303412400083508,-0.0602786601783574,-1.1960431082022556,-0.08988477541259614,0.04206618457536515,1.0
2024-07-24,6.22,-1.1191163961261104,158.01,0.07597341296104602,49.42121212121212,-0.0030303030303002743,241750,2.111061781346552,0.5016042772221694,-0.0030303030303073797,0.9764458817080596,-0.06351058597156124,SHORT,0.05953042802028821,-0.06056959197250971,-1.1423686685103196,-0.08979643625141541,0.04226579355097859,1.0
2024-07-25,6.3,1.2779726646399021,159.24,0.7754175968708821,49.418181818181814,-0.0030303030303073797,239425,-0.966391892572065,0.07597341296104602,-0.0030303030303002743,2.111061781346552,-0.13386570230725567,SHORT,0.06368757902295535,-0.0591394469611724,-1.1907543792864366,-0.09087427828289414,0.04267559990001668,0.0
2024-07-26,6.29,-0.15885626851378415,159.18,-0.037686075441323075,49.415151515151514,-0.0030303030303002743,237750,-0.7020513982183344,0.7754175968708821,-0.0030303030303073797,-0.966391892572065,0.14508984814664141,LONG,0.06200284973173653,-0.058134295198060106,-1.1820152660697496,-0.09098817856217142,0.042736093060144476,0.0
2024-07-29,6.25,-0.637960696403904,160.02,0.5263170044274691,49.406060606060606,-0.0030303030303002743,239100,0.566217303877928,-0.037686075441323075,-0.0030303030303002743,-0.7020513982183344,0.07166054767561052,LONG,0.06017274641856589,-0.05889191792481663,-1.169448957322484,-0.0910308835383226,0.0428355097214137,0.0
2024-07-30,6.24,-0.1601281366973768,159.87,-0.09378224451773297,49.4030303030303,-0.0030303030303073797,239400,0.12539186595936813,0.5263170044274691,-0.0030303030303002743,0.566217303877928,-0.04244958578372558,SHORT,0.058625048062317664,-0.059200945723065786,-1.1523230199577417,-0.09087962374307822,0.04285999622409187,1.0
2024-07-31,6.4,2.531780798429,159.41,-0.2881485331245378,49.4,-0.0030303030303002743,239275,-0.05222750419025653,-0.09378224451773297,-0.0030303030303073797,0.12539186595936813,0.04202005830497432,LONG,0.05972812406994422,-0.060132383408380743,-1.11561622461413,-0.09132266034196831,0.04338836795873047,1.0
2024-08-01,6.25,-2.3716526617316043,159.96,0.3444284333062462,49.39,-0.00999999999999801,245150,2.4256750015272157,-0.2881485331245378,-0.0030303030303002743,-0.05222750419025653,0.07840729604164962,LONG,0.054090094883433346,-0.06064390953193015,-0.8365776529811015,-0.09268378246979521,0.04431093417260645,0.0
2024-08-02,6.29,0.6379606964038987,158.32,-1.0305482684307394,49.379999999999995,-0.010000000000005116,246500,0.5491725385502544,0.3444284333062462,-0.00999999999999801,2.4256750015272157,-0.1846863954110215,SHORT,0.050131649608942244,-0.05982171382743139,-0.7743527431452603,-0.09214372299756197,0.04428049970671977,0.0
2024-08-05,6.18,-1.764279924274979,158.61,0.1830057621158423,49.35,-0.00999999999999801,251350,1.9484396655839458,-1.0305482684307394,-0.010000000000005116,0.5491725385502544,0.09578072584647887,LONG,0.05054827877552543,-0.0647554977656908,0.8562001581090146,-0.09233043006326955,0.04485606230763972,0.0
2024-08-06,6.19,0.16168152269054775,158.28,-0.2082742398245055,49.339999999999996,-0.010000000000005116,252575,0.4861844175211653,0.1830057621158423,-0.00999999999999801,1.9484396655839458,-0.1127675308714261,SHORT,0.04961750598663317,-0.06691416082772157,0.8622733924082917,-0.09221181004724747,0.04491688198740318,0.0
2024-08-07,6.03,-2.6188075957410684,157.4,-0.5575280533920703,49.33,-0.00999999999999801,294750,15.441930510368437,-0.2082742398245055,-0.010000000000005116,0.4861844175211653,0.042799904971631934,LONG,0.04971833918776349,-0.06392009169312234,0.8373535192722447,-0.0979350213729012,0.051700694968865535,0.0
2024-08-08,6.03,0.0,157.09,-0.19714464714544264,49.32,-0.00999999999999801,294425,-0.11032376898681717,-0.5575280533920703,-0.00999999999999801,15.441930510368437,-1.4158069545732492,SHORT,0.04978012187883719,-0.0641017082854951,0.8854546167219153,-0.09724966995746329,0.0515634858854046,0.0
2024-08-09,6.07,0.6611594332312789,156.67,-0.2677207106452749,49.31,-0.00999999999999801,296400,0.668559169431959,-0.19714464714544264,-0.00999999999999801,-0.11032376898681717,0.4257482934969304,LONG,0.045575585620881605,-0.07198983837866009,0.8974105678483713,-0.09647831934100772,0.05179184504619594,1.0
2024-08-12,6.16,1.4718172474021485,156.25,-0.2684393788884705,49.28,-0.00999999999999801,296125,-0.09282309429823325,-0.2677207106452749,-0.00999999999999801,0.668559169431959,-0.009900078843231797,NEUTRAL,0.04946560407074502,-0.07414899437117596,0.9023464241459094,-0.09668894578152494,0.05202810448875639,0.0
2024-08-13,6.13,-0.4882027597308421,155.18,-0.6871555150707637,49.27,-0.00999999999999801,305625,3.1577197750186836,-0.2684393788884705,-0.00999999999999801,-0.09282309429823325,0.0822458804584347,LONG,0.048407713719702275,-0.07402866029732927,0.8997901920706957,-0.09687343367692172,0.052214465460595494,0.0
2024-08-14,6.1,-0.4905978768854518,154.91,-0.1741430347531705,49.26,-0.010000000000005116,307425,0.5872294829374576,-0.6871555150707637,-0.00999999999999801,3.1577197750186836,-0.21927453182016288,SHORT,0.04794049445325549,-0.0752382898019954,0.9222610755280681,-0.09676980266026426,0.0522500182890393,1.0
2024-08-15,6.26,2.5891413932741707,155.34,0.277195987322973,49.25,-0.00999999999999801,307450,0.008131734096766373,-0.1741430347531705,-0.010000000000005116,0.5872294829374576,0.07303780265480155,LONG,0.05032343231196525,-0.07296021563023637,0.8745102284658155,-0.09856741129847911,0.052786988166610205,1.0
2024-08-16,6.24,-0.3200002730670791,154.37,-0.6263944797751357,49.24,-0.00999999999999801,309050,0.5190603705803588,0.277195987322973,-0.00999999999999801,0.008131734096766373,0.03142807392290239,LONG,0.050891332282306724,-0.07184971607656584,0.8626149132190545,-0.09885461898385525,0.05290506424260055,0.0
2024-08-19,6.23,-0.1603849581974516,151.72,-1.731560137305183,49.21,-0.00999999999999801,308075,-0.31598162810954783,-0.6263944797751357,-0.00999999999999801,0.5190603705803588,0.024924624100216324,NEUTRAL,0.05142790955659328,-0.06873987975151302,0.8587681238804135,-0.0990262203900929,0.05280462402641206,0.0
2024-08-20,6.16,-1.1299555253933395,150.38,-0.8871292870817409,49.2,-0.00999999999999801,320050,3.813397376382557,-1.731560137305183,-0.00999999999999801,-0.31598162810954783,0.20131718308665975,LONG,0.048823426346439734,-0.06768412838012605,0.8461279052146216,-0.09987343762985437,0.05347966376950286,0.0
2024-08-21,6.22,0.9693129205659533,149.94,-0.2930209874964833,49.19,-0.010000000000005116,319625,-0.13287999766617278,-0.8871292870817409,-0.00999999999999801,3.813397376382557,-0.2749791055284254,SHORT,0.04986903742337322,-0.06886371769740886,0.825342162268753,-0.10020491468544061,0.053754254028651305,0.0
2024-08-22,6.18,-0.6451635281488719,151.15,0.8037507150551142,49.18,-0.00999999999999801,319700,0.02346224544449937,-0.2930209874964833,-0.010000000000005116,-0.13287999766617278,0.17651654258602315,LONG,0.047000070952659116,-0.07046267186404706,0.8251601876730358,-0.0997855344528617,0.053533820265861176,0.0
2024-08-23,6.2,0.323102058144654,148.74,-1.607290595031289,49.17,-0.00999999999999801,315575,-1.298668442687047,0.8037507150551142,-0.00999999999999801,0.02346224544449937,-0.03612046707505587,SHORT,0.04271605877783703,-0.07726923518759922,0.818600783269494,-0.09883154226710192,0.05361971156274037,0.0
2024-08-26,6.22,0.3220614700042157,148.73,-0.006723367064770459,49.14,-0.00999999999999801,315575,0.0,-1.607290595031289,-0.00999999999999801,-1.298668442687047,0.2703656526925714,LONG,0.04461227979416399,-0.07631683419371092,0.828371683688571,-0.09888087896651605,0.05361893196084455,1.0
2024-08-27,6.35,2.068490615351211,148.3,-0.2895332460620014,49.13,-0.00999999999999801,317175,0.5057300387736617,-0.006723367064770459,-0.00999999999999801,0.0,0.02144304682955889,NEUTRAL,0.04858945657179217,-0.07721147401869989,0.8232387416780725,-0.09865514357601557,0.0531445526594061,1.0
2024-08-28,6.21,-2.22939169592128,148.86,0.3769017787878203,49.120000000000005,-0.00999999999999801,314250,-0.9264824556305173,-0.2895332460620014,-0.00999999999999801,0.5057300387736617,0.0036573065852009354,NEUTRAL,0.045682068624432554,-0.07802943052599008,0.8580154703728862,-0.09765013183297287,0.05223625759121553,0.0
2024-08-29,6.22,0.16090108057006858,149.21,0.2348442720565658,49.11,-0.010000000000005116,322950,2.7308665008124877,0.3769017787878203,-0.00999999999999801,-0.9264824556305173,0.1085425880112278,LONG,0.04552536920022142,-0.07686027139475987,0.8528075635631587,-0.09711475688805232,0.05169736348854714,1.0
2024-08-30,6.21,-0.16090108057006625,149.89,0.45469820901739844,49.1,-0.00999999999999801,320925,-0.6290061507491468,0.2348442720565658,-0.010000000000005116,2.7308665008124877,-0.28243127702794885,SHORT,0.04445791712631958,-0.07741520217933422,0.8583810850187056,-0.0968915359150989,0.05157282739189417,1.0
2024-09-03,6.09,-1.9512814223581716,151.63,1.1541651070343506,49.19032258064516,0.022580645161283996,317800,-0.9785196868374612,0.45469820901739844,-0.00999999999999801,-0.6290061507491468,0.11890365834154666,LONG,0.04332460348963603,-0.07902469420048973,-0.21724213159936526,-0.09633957564631106,0.051229147261898866,0.0
2024-09-04,6.06,-0.49382816405825664,150.48,-0.7613157820072984,49.21290322580645,0.022580645161291102,318650,0.2671067657687473,1.1541651070343506,0.022580645161283996,-0.9785196868374612,0.00528875713915837,NEUTRAL,0.045261992647863125,-0.07770110807907026,-0.21956930377916029,-0.0963095727659468,0.05118133254647084,0.0
2024-09-05,6.16,1.6366977464205412,150.41,-0.04652863256529068,49.23548387096774,0.022580645161291102,317175,-0.46396497336411807,-0.7613157820072984,0.022580645161291102,0.2671067657687473,0.07688217865681503,LONG,0.050403123929621416,-0.07758420267182478,-0.1989021537220036,-0.0972767981464067,0.052078991619152415,1.0
2024-09-06,6.07,-1.4718172474021534,150.71,0.1992561764463135,49.25806451612903,0.022580645161291102,317575,0.12603388828624407,-0.04652863256529068,0.022580645161291102,-0.46396497336411807,0.15580489336689748,LONG,0.052862913474082084,-0.06893409499052112,0.2279586898349495,-0.09946479337793619,0.05331921964787956,0.0
2024-09-09,6.23,2.6017727727954876,152.65,1.2790258749301926,49.325806451612905,0.022580645161291102,316450,-0.35487596882100997,0.1992561764463135,0.022580645161291102,0.12603388828624407,0.06307637367235516,LONG,0.0609471740723098,-0.06506624797076817,0.2938766494065582,-0.10063548636990752,0.05387456547838232,1.0
2024-09-10,6.16,-1.1299555253933395,152.86,0.1374750633851254,49.348387096774196,0.022580645161291102,316175,-0.08693934552743136,1.2790258749301926,0.022580645161291102,-0.35487596882100997,0.026222856324492404,NEUTRAL,0.0520479028966734,-0.07702334149802503,0.25313822283847043,-0.09797124821456313,0.05245764869814662,0.0
2024-09-11,6.24,1.2903404835908001,153.28,0.27438444078123175,49.37096774193548,0.022580645161283996,314950,-0.3881961698102069,0.1374750633851254,0.022580645161291102,-0.08693934552743136,0.07899356562284286,LONG,0.05640930166624412,-0.0760610312711051,0.3021026329332328,-0.09843941742958484,0.052939139268156965,1.0
2024-09-12,6.27,0.4796172263493014,151.48,-1.1812711188956466,49.39354838709677,0.022580645161291102,311650,-1.0533132813078419,0.27438444078123175,0.022580645161283996,-0.3881961698102069,0.10201741082434373,LONG,0.05166051621613196,-0.0755660514363709,0.23032113080480504,-0.09863080340644241,0.05311386796770301,1.0
2024-09-13,6.31,0.6359321908292421,150.57,-0.6025510698642111,49.41612903225806,0.022580645161291102,311525,-0.04011714259283755,-1.1812711188956466,0.022580645161291102,-1.0533132813078419,0.27197803125865794,LONG,0.053014640381328644,-0.07675582779876,0.24961500134832132,-0.09845102233373951,0.053177922365454156,1.0
2024-09-16,6.35,0.6319136351478533,149.62,-0.6329345890693031,49.483870967741936,0.022580645161291102,308550,-0.9595687061855438,-0.6025510698642111,0.022580645161291102,-0.04011714259283755,0.11781156370134921,LONG,0.05361793846910114,-0.07691934744289279,0.256072182576495,-0.09853616760304963,0.05327756121256655,1.0
2024-09-17,6.32,-0.4735604745834127,149.17,-0.3012151278419938,49.50645161290323,0.022580645161291102,306500,-0.6666149390809738,-0.6329345890693031,0.022580645161291102,-0.9595687061855438,0.23230014374150543,LONG,0.05197701978988041,-0.07757745382579309,0.2452544265525424,-0.09835538266939073,0.05308788708919299,0.0
2024-09-18,6.35,0.4735604745834029,148.62,-0.3693882436515807,49.52903225806452,0.022580645161291102,305250,-0.4086642385452016,-0.3012151278419938,0.022580645161291102,-0.6666149390809738,0.15433413188328327,LONG,0.054553780513731914,-0.07743743202473986,0.2797083232132892,-0.09840577805612523,0.05332670787027449,1.0
2024-09-19,6.39,0.6279455484843102,147.84,-0.526210483594919,49.5516129032258,0.022580645161283996,304925,-0.1065268261512051,-0.3693882436515807,0.022580645161291102,-0.4086642385452016,0.14484161624607061,LONG,0.05637336709115308,-0.07744551745859117,0.2970864910735503,-0.09838483428035887,0.053419418939911534,1.0
2024-09-20,6.39,0.0,148.26,0.28368813351995353,49.57419354838709,0.022580645161291102,303350,-0.5178590340995134,-0.526210483594919,0.022580645161283996,-0.1065268261512051,0.13184974322746962,LONG,0.054538960187106134,-0.07783058160500873,0.284996280610267,-0.09806303543394503,0.053111343760876895,1.0
2024-09-23,6.35,-0.6279455484843136,147.22,-0.7039422598013765,49.64193548387097,0.022580645161291102,301700,-0.5454108223291391,0.28368813351995353,0.022580645161291102,-0.5178590340995134,0.11467222817660366,LONG,0.052428525527614595,-0.07681097308686607,0.2578805095547501,-0.09819349936354517,0.05286822307640482,0.0
2024-09-24,6.54,2.9482352564507175,146.28,-0.6405473349379389,49.66451612903226,0.022580645161291102,301850,0.04970590774198253,-0.7039422598013765,0.022580645161291102,-0.5454108223291391,0.19150797471139044,LONG,0.05821081072592977,-0.07985933655893745,0.32142803083462035,-0.09800560644840287,0.05286711162607749,1.0
2024-09-25,6.54,0.0,147.05,0.525007171882364,49.68709677419355,0.022580645161291102,303350,0.4957049145871641,-0.6405473349379389,0.022580645161291102,0.04970590774198253,0.1304410063208989,LONG,0.05736913695336627,-0.08049580939597949,0.3114409857966775,-0.09928871867126525,0.05296791125373923,1.0
2024-09-26,6.74,3.01227594551083,146.51,-0.3678979486782494,49.70967741935484,0.022580645161291102,303050,-0.09894459910128413,0.525007171882364,0.022580645161291102,0.4957049145871641,0.011119092951511832,NEUTRAL,0.06227105469392659,-0.08314661761341713,0.38025763034414434,-0.09962497421556014,0.05334377065885443,1.0
2024-09-27,6.64,-1.4947961435873252,144.84,-1.146400061578114,49.732258064516124,0.022580645161283996,302525,-0.1733889713177795,-0.3678979486782494,0.022580645161291102,-0.09894459910128413,0.15207352343413066,LONG,0.06350664490179908,-0.06797775983905974,0.29153494680109027,-0.09963498515772731,0.05157778164523086,0.0
2024-09-30,6.56,-1.212136053234485,145.27,0.2964394987351824,49.8,0.022580645161291102,300600,-0.6383441365242104,-1.146400061578114,0.022580645161283996,-0.1733889713177795,0.1900605669572978,LONG,0.06149181640394879,-0.06814585696010363,0.28239835060735996,-0.09909021912373558,0.05081537953354276,0.0
2024-10-01,6.66,1.5128881596300219,146.9,1.1158003295039476,49.809677419354834,0.009677419354837014,300175,-0.14148394020924313,0.2964394987351824,0.022580645161291102,-0.6383441365242104,0.13443241949542806,LONG,0.06475628739298098,-0.06460788017741903,-0.03105918875672152,-0.09917446074909864,0.050574408493600065,1.0
2024-10-02,6.76,1.490340550257495,147.78,0.5972598180669955,49.81935483870968,0.009677419354844119,300275,0.03330835237723503,1.1158003295039476,0.009677419354837014,-0.14148394020924313,0.0411172457733074,LONG,0.06406872139286003,-0.056128465679692964,-0.07801064697635818,-0.10026419105727578,0.05080080116949537,1.0
2024-10-03,6.66,-1.4903405502574918,149.1,0.8892540410191114,49.829032258064515,0.009677419354837014,298100,-0.7269720756528258,0.5972598180669955,0.009677419354844119,0.03330835237723503,0.045685565341817364,LONG,0.05770525052623165,-0.05774590285917279,-0.0904912252374644,-0.09996863646085719,0.05059738754216003,0.0
2024-10-04,6.73,1.0455659104338708,150.75,1.1005613836602106,49.83870967741935,0.009677419354837014,298525,0.14246807354226423,0.8892540410191114,0.009677419354837014,-0.7269720756528258,0.10661730917296557,LONG,0.05897044100690528,-0.05596821721270202,-0.0871299400018673,-0.09987398702079173,0.05039290560743093,1.0
2024-10-07,6.75,0.2967361227802008,151.58,0.549070277658838,49.86774193548387,0.009677419354837014,297300,-0.411195141539634,1.1005613836602106,0.009677419354837014,0.14246807354226423,-0.004858458672143871,NEUTRAL,0.06190175165449397,-0.05900834154724486,-1.277035869164548,-0.09987202611872134,0.05097954446612507,0.0
2024-10-08,6.62,-1.944713493552155,152.39,0.5329485917886044,49.87741935483871,0.009677419354837014,296275,-0.34536529295397,0.549070277658838,0.009677419354837014,-0.411195141539634,0.10574437605670217,LONG,0.053699632106634546,-0.05495550525067079,-1.2533286231233336,-0.10003804636159885,0.05110160899510352,0.0
2024-10-09,6.55,-1.063032030175637,153.3,0.595376157599929,49.887096774193544,0.009677419354837014,294825,-0.49061170984786573,0.5329485917886044,0.009677419354837014,-0.34536529295397,0.06943201526368055,LONG,0.04867187269629078,-0.06098440569195452,-1.2113204757266076,-0.10014857071547376,0.05186481225257611,0.0
2024-10-10,6.59,0.6088298867255355,153.21,-0.058725655010621346,49.89677419354839,0.009677419354844119,299350,1.523149739532729,0.595376157599929,0.009677419354837014,-0.49061170984786573,0.08881781735107308,LONG,0.052488410712324726,-0.05812878135593478,-1.2366797319053546,-0.09966130758612475,0.05127826800206858,1.0
2024-10-11,6.66,1.0566136037881906,152.52,-0.4513794338299201,49.906451612903226,0.009677419354837014,297550,-0.6031179280500033,-0.058725655010621346,0.009677419354844119,1.523149739532729,-0.07020449253640643,SHORT,0.05632576672061206,-0.05723545400346114,-1.2633322344197704,-0.09931293794121906,0.05083303072604728,0.0
2024-10-14,6.55,-1.6654434905137234,153.57,0.6860754148238538,49.935483870967744,0.009677419354844119,292850,-1.5921745555069735,-0.4513794338299201,0.009677419354837014,-0.6031179280500033,0.18798138219909244,LONG,0.04571102999995792,-0.07385036164983486,-1.1174384884894533,-0.09735855609756974,0.051608856897339184,0.0
2024-10-15,6.46,-1.3835731852650024,153.7,0.0846161406948519,49.94516129032258,0.009677419354837014,288125,-1.62661187848783,0.6860754148238538,0.009677419354844119,-1.5921745555069735,0.13746770507547745,LONG,0.040236394997148366,-0.07455254617332617,-1.1243828523791874,-0.0972116951288426,0.05122035315396434,0.0
2024-10-16,6.55,1.3835731852650008,155.37,1.0806718559359814,49.95483870967742,0.009677419354837014,288750,0.21668480850902933,0.0846161406948519,0.009677419354837014,-1.62661187848783,0.19070239427632912,LONG,0.045180570484030444,-0.07050962360325347,-1.1397332285696518,-0.09719148865748126,0.050710463119876814,1.0
2024-10-17,6.45,-1.5384918839479342,154.95,-0.2706884870152668,49.964516129032255,0.009677419354837014,287425,-0.4599305196199387,1.0806718559359814,0.009677419354837014,0.21668480850902933,-0.07704065204958409,SHORT,0.039157457055387035,-0.06981135762226635,-1.128066061736837,-0.09687566988757755,0.05026846654684147,1.0
2024-10-18,6.54,1.3857034661426282,154.32,-0.40741156362836134,49.9741935483871,0.009677419354844119,284200,-1.1283740976803631,-0.2706884870152668,0.009677419354837014,-0.4599305196199387,0.144944370501027,LONG,0.04290364244453601,-0.06991011302738961,-1.133744479737602,-0.0972413462674013,0.05050801627767565,1.0
2024-10-21,6.53,-0.15302221807675936,155.88,1.005811187303478,50.00322580645161,0.009677419354837014,282200,-0.7062176244286656,-0.40741156362836134,0.009677419354844119,-1.1283740976803631,0.18744530872730647,LONG,0.04528899110929958,-0.07529637104255085,-1.1537772201198417,-0.0979873890516169,0.05155201355209649,0.0
2024-10-22,6.56,0.4583659667657893,155.74,-0.08985303216683241,50.012903225806454,0.009677419354844119,280100,-0.7469357152650823,1.005811187303478,0.009677419354837014,-0.7062176244286656,0.02727656497289138,NEUTRAL,0.04892405624581823,-0.07515259630735781,-1.170828841987714,-0.09759996076779803,0.05115117331817631,1.0
2024-10-23,6.54,-0.30534374868902314,157.38,1.0475312957997152,50.02258064516129,0.009677419354837014,279625,-0.16972624557691987,-0.08985303216683241,0.009677419354844119,-0.7469357152650823,0.14286012592795294,LONG,0.05174336710139123,-0.07257554679511347,-1.2317830389656712,-0.09943287493704836,0.052259496759187285,0.0
2024-10-24,6.56,0.3053437486890248,156.87,-0.32458262386882886,50.03225806451613,0.009677419354837014,278325,-0.4659924195522673,1.0475312957997152,0.009677419354837014,-0.16972624557691987,-0.01153808444116472,NEUTRAL,0.04841737701638716,-0.06980472505592687,-1.234827311883571,-0.0991613707228072,0.05193478082734537,0.0
2024-10-25,6.58,0.3044142381228273,157.0,0.08283684801590485,50.041935483870965,0.009677419354837014,276775,-0.558459386924051,-0.32458262386882886,0.009677419354837014,-0.4659924195522673,0.13907086216020942,LONG,0.04390722688263772,-0.06981177494865348,-1.2012982839794366,-0.09976477007163195,0.0531839811066126,1.0
2024-10-28,6.62,0.6060624611690955,158.38,0.8751403433958299,50.07096774193548,0.009677419354837014,276100,-0.2441782809421735,0.08283684801590485,0.009677419354837014,-0.558459386924051,0.09784092865218516,LONG,0.04739600626340283,-0.06799861256368431,-1.2322593534369743,-0.10054928510529325,0.05358033910631366,1.0
2024-10-29,6.65,0.4521484718846057,159.08,0.4410011557223514,50.08064516129032,0.009677419354837014,274225,-0.681418163871091,0.8751403433958299,0.009677419354837014,-0.2441782809421735,0.009996146990141265,NEUTRAL,0.053521681476293805,-0.0807052450840581,-1.2179190713504306,-0.10018432491629717,0.05502450923895208,1.0
2024-10-30,6.61,-0.6033200804167809,158.01,-0.674889817608231,50.090322580645164,0.009677419354844119,275300,0.3912474851163761,0.4410011557223514,0.009677419354837014,-0.681418163871091,0.11809866375127806,LONG,0.04774535628005865,-0.06826864800696503,-1.1897853212266947,-0.09840336430140503,0.05298237457616517,0.0
2024-10-31,6.63,0.30211503341762513,158.74,0.4609321499321971,50.1,0.009677419354837014,271375,-1.4359783950105762,-0.674889817608231,0.009677419354844119,0.3912474851163761,0.06508316915480636,LONG,0.049639846961932035,-0.06638165700098755,-1.2099604347329096,-0.09924974989057928,0.053355290827249546,1.0
2024-11-01,6.64,0.15071592905713385,158.4,-0.2144164282404041,50.10689655172414,0.006896551724139499,271375,0.0,0.4609321499321971,0.009677419354837014,-1.4359783950105762,0.17847423410424412,LONG,0.05436322488374576,-0.060103758684694725,-1.2453020935106085,-0.10165592994137528,0.0550892257533957,1.0
2024-11-04,6.71,1.0486987495248072,157.4,-0.6333143397022585,50.12758620689655,0.006896551724139499,273850,0.9078883031274502,-0.2144164282404041,0.006896551724139499,0.0,0.07641467598778562,LONG,0.0607989120135276,-0.05677941334970521,-1.2468586866542624,-0.10349516318874694,0.056717845069103934,1.0
2024-11-05,6.75,0.5943553900848138,155.89,-0.9639705658713372,50.13448275862069,0.006896551724139499,272975,-0.3200295329600333,-0.6333143397022585,0.006896551724139499,0.9078883031274502,0.008153182234032871,NEUTRAL,0.05586591143777295,-0.059845215371478605,-0.7905047830350445,-0.10035133785358483,0.05392372656669597,1.0
2024-11-06,6.46,-4.3913187089928,159.84,2.5022684575653966,50.14137931034483,0.006896551724139499,272550,-0.15581323898400037,-0.9639705658713372,0.006896551724139499,-0.3200295329600333,0.16902754569510398,LONG,0.048441395164789555,-0.08187723475198791,-0.736743706714688,-0.10010242531650912,0.05488934909193843,0.0
2024-11-07,6.63,2.5975486403260737,156.31,-2.233209999286361,50.148275862068964,0.006896551724132394,272525,-0.009173049586760731,2.5022684575653966,0.006896551724139499,-0.15581323898400037,-0.20921560203151393,SHORT,0.051938074189856104,-0.0942809678797458,-0.6686134902997813,-0.09906340845544356,0.05594981433904711,0.0
2024-11-08,6.52,-1.6730428259209607,159.07,1.7503142002889298,50.1551724137931,0.006896551724139499,272400,-0.04587787390649762,-2.233209999286361,0.006896551724132394,-0.009173049586760731,0.255054272151566,LONG,0.03747488627794674,-0.06956409434188768,-0.7875320464277737,-0.09475524191059546,0.04930201710779214,0.0
2024-11-11,6.44,-1.2345835822299267,160.68,1.0070452580812361,50.175862068965515,0.006896551724132394,271875,-0.19291724324087905,1.7503142002889298,0.006896551724139499,-0.04587787390649762,-0.060986691552544346,SHORT,0.04210167382530467,-0.07714901647436861,-0.8231007938181379,-0.09790890785920266,0.052071548934473744,1.0
2024-11-12,6.32,-1.8809331957496227,162.0,0.8181525741302589,50.182758620689654,0.006896551724139499,271225,-0.23936671344341512,1.0070452580812361,0.006896551724132394,-0.19291724324087905,-0.028803619441730925,NEUTRAL,0.03550693944823797,-0.07793362211194158,-0.8189924830633778,-0.09741363162139338,0.051767010601625696,1.0
2024-11-13,6.28,-0.634922767865878,163.82,1.1171928855071789,50.189655172413794,0.006896551724139499,273100,0.6889293771144968,0.8181525741302589,0.006896551724139499,-0.23936671344341512,-0.01799657114884281,NEUTRAL,0.029692891703088448,-0.08942005411955914,-0.7270532099470285,-0.09569579487060736,0.05249256714056438,1.0
2024-11-14,6.31,0.4765696073014425,164.58,0.4628510090111103,50.19655172413793,0.006896551724139499,272200,-0.3300938262293626,1.1171928855071789,0.006896551724139499,0.6889293771144968,-0.1378511803112973,SHORT,0.03341462070832959,-0.10140534504664929,-0.7058154647107424,-0.09576462203088111,0.05379038477015474,0.0
2024-11-15,6.29,-0.31746058407725425,165.14,0.3396824811715415,50.203448275862065,0.006896551724132394,271875,-0.11946883744171313,0.4628510090111103,0.006896551724139499,-0.3300938262293626,0.07728212542676793,LONG,0.028449219173765597,-0.08814027794911602,-0.6681983641282673,-0.09413095260502297,0.05164517728821283,0.0
2024-11-18,6.35,0.9493742192251143,163.89,-0.7598127913546568,50.224137931034484,0.006896551724139499,271525,-0.12881856768487845,0.3396824811715415,0.006896551724132394,-0.11946883744171313,0.02285022276752091,NEUTRAL,0.03182003080833402,-0.08926075348230195,-0.6592810029058851,-0.09046386207168326,0.04655430882687284,1.0
2024-11-19,6.35,0.0,162.88,-0.6181737713578006,50.231034482758616,0.006896551724132394,271975,0.1655934141046542,-0.7598127913546568,0.006896551724139499,-0.12881856768487845,0.13019555589397053,LONG,0.03336662363999443,-0.09402913862807319,-0.7545939147650146,-0.0902620327182714,0.046854649630638345,1.0
2024-11-20,6.4,0.7843177461026098,164.38,0.9167087358195933,50.237931034482756,0.006896551724139499,271850,-0.045970671521672904,-0.6181737713578006,0.006896551724132394,0.1655934141046542,0.0782408681942498,LONG,0.03689967813012643,-0.09203918740297556,-0.8148581905168508,-0.090898301307054,0.04687711778577275,1.0
2024-11-21,6.33,-1.09977542095414,164.16,-0.13392587379491824,50.244827586206895,0.006896551724139499,272625,0.2846780929863552,0.9167087358195933,0.006896551724139499,-0.045970671521672904,-0.029125850058745448,NEUTRAL,0.03608377319828157,-0.0887287310060383,-0.85046872419074,-0.09102481461766235,0.04620660371650309,1.0
2024-11-22,6.29,-0.6339165443735654,165.63,0.891482298165825,50.251724137931035,0.006896551724139499,272525,-0.03668715073709169,-0.13392587379491824,0.006896551724139499,0.2846780929863552,0.05171374480675576,LONG,0.0392865706643703,-0.09164346578481057,-0.9012486344802073,-0.0913081666998943,0.046709138975481124,0.0
2024-11-25,6.31,0.31746058407726396,164.3,-0.8062359920840451,50.272413793103446,0.006896551724139499,270975,-0.5703787312608659,0.891482298165825,0.006896551724139499,-0.03668715073709169,-0.02235927484886375,NEUTRAL,0.039063193701009476,-0.09307905916399788,-0.8902608570902394,-0.09140561220612399,0.04680598092124988,0.0
2024-11-26,6.37,0.9463793030950362,165.49,0.7216744987629415,50.279310344827586,0.006896551724139499,269475,-0.5550944034121443,-0.8062359920840451,0.006896551724139499,-0.5703787312608659,0.18817550590435347,LONG,0.040141064233731906,-0.09007434119146064,-0.8824246604775224,-0.09161856420063008,0.04657250890795117,1.0
2024-11-27,6.37,0.0,163.37,-1.2893202992434691,50.28620689655172,0.006896551724132394,269050,-0.1578385732263492,0.7216744987629415,0.006896551724139499,-0.5550944034121443,0.006485284113809914,NEUTRAL,0.042968927929598714,-0.09765596532220847,-0.9221631028543905,-0.09191808876264762,0.04747617985185637,1.0
2024-11-29,6.36,-0.15710922320412124,162.31,-0.6509480121438096,50.3,0.006896551724139499,271000,0.7221584944272167,-1.2893202992434691,0.006896551724132394,-0.1578385732263492,0.18203294722730531,LONG,0.04276367961352017,-0.09744320132951888,-0.9258836827907249,-0.091986197455101,0.04748032140518876,0.0
2024-12-02,6.41,0.783089358054784,165.1,1.7043264009103072,50.28125,-0.006249999999994316,270725,-0.10152753652577906,-0.6509480121438096,0.006896551724139499,0.7221584944272167,0.03224688908071128,LONG,0.04310386475949086,-0.09636723911143387,-1.117567952305341,-0.09223774789671652,0.04759732389218996,1.0
2024-12-03,6.49,1.24032597834199,164.21,-0.5405254422336185,50.275,-0.006250000000001421,268625,-0.7787190551768565,1.7043264009103072,-0.006249999999994316,-0.10152753652577906,-0.06997797939838313,SHORT,0.044653371167048796,-0.0975519268498315,-1.1092700976178445,-0.09245433528796328,0.047927769458877445,0.0
2024-12-04,6.53,0.614441257234099,165.26,0.6373894769292134,50.26875,-0.006250000000001421,268500,-0.04654410137551684,-0.5405254422336185,-0.006250000000001421,-0.7787190551768565,0.1681575408602689,LONG,0.03978886479783693,-0.09306373457508176,-1.02974808051986,-0.0911186416172315,0.04742673963870614,1.0
2024-12-05,6.51,-0.30674870678618343,164.27,-0.6008575719929669,50.262499999999996,-0.006250000000001421,270525,0.7513601508792982,0.6373894769292134,-0.006250000000001421,-0.04654410137551684,-0.05991966292946979,SHORT,0.03862530972368701,-0.09119094647756706,-1.053569226786678,-0.09110336377603459,0.04714944377531505,1.0
2024-12-06,6.57,0.9174376276041449,165.97,1.0295633579518852,50.25625,-0.006249999999994316,269800,-0.2683571684056918,-0.6008575719929669,-0.006250000000001421,0.7513601508792982,0.023297728708979983,NEUTRAL,0.037065929761897196,-0.09072023743040168,-1.0284698255027804,-0.0908974486406166,0.04750516862719034,1.0
2024-12-09,6.61,0.6069821367075774,164.15,-1.10264051850257,50.2375,-0.006250000000001421,269800,0.0,1.0295633579518852,-0.006249999999994316,-0.2683571684056918,-0.024946100533938913,NEUTRAL,0.04069379473699212,-0.08875560517271401,-1.0620187788966242,-0.09128821877059673,0.04742402563236148,0.0
2024-12-10,6.71,1.5015297119995434,167.03,1.7392793054254612,50.231249999999996,-0.006250000000001421,268100,-0.6320898531741934,-1.10264051850257,-0.006250000000001421,0.0,0.13002615717667254,LONG,0.04070146991112261,-0.08587902772715081,-1.0563582885372018,-0.09155087450107402,0.04733598161472652,1.0
2024-12-11,6.7,-0.14914245866700204,167.65,0.37050359103812774,50.225,-0.006249999999994316,268500,0.14908687070057744,1.7392793054254612,-0.006250000000001421,-0.6320898531741934,-0.0753467614211126,SHORT,0.03862205938149018,-0.08442438813819052,-1.045685090667763,-0.09221638933777966,0.04784424836117096,1.0
2024-12-12,6.65,-0.7490671729157625,167.63,-0.011930326905112105,50.21875,-0.006250000000001421,268425,-0.027936862872014318,0.37050359103812774,-0.006249999999994316,0.14908687070057744,-0.022455929482396157,NEUTRAL,0.03752965586262643,-0.08494694294217016,-1.0497003086971337,-0.09232034674706557,0.04786381685261132,1.0
2024-12-13,6.6,-0.7547205635382966,168.27,0.38106625451688547,50.2125,-0.006250000000001421,272825,1.6259018678954351,-0.011930326905112105,-0.006250000000001421,-0.027936862872014318,0.03920631695675658,LONG,0.03802643809508358,-0.08597934252499083,-1.0640887945616664,-0.09309652964616447,0.04845860490203957,0.0
2024-12-16,6.58,-0.3034903695153936,167.74,-0.3154670632089796,50.19375,-0.006250000000001421,272625,-0.07333394773603939,0.38106625451688547,-0.006250000000001421,1.6259018678954351,-0.15541741497314518,SHORT,0.039986318760578926,-0.08212427174577323,-1.0895704593697817,-0.09346155534724267,0.04809694663420183,1.0
2024-12-17,6.54,-0.6097579868118557,168.65,0.5410399951393817,50.1875,-0.006250000000001421,272450,-0.06421134926858113,-0.3154670632089796,-0.006250000000001421,-0.07333394773603939,0.1303967774154668,LONG,0.042609751342417373,-0.09425871038652144,-1.089979280930815,-0.09469485819673239,0.050040751310066245,0.0
2024-12-18,6.59,0.7616183045308509,171.32,1.570759123951088,50.18125,-0.006250000000001421,272325,-0.045890506059821375,0.5410399951393817,-0.006250000000001421,-0.06421134926858113,-0.025394911191437775,NEUTRAL,0.04031373479187833,-0.09151425233323224,-1.0891612752238442,-0.09773770939584339,0.052607743350159275,0.0
2024-12-19,6.52,-1.0678972575854255,173.36,1.1837204480933485,50.175,-0.006250000000001421,272325,0.0,1.570759123951088,-0.006250000000001421,-0.045890506059821375,-0.09379366685975281,SHORT,0.04028390221855184,-0.08797648494253525,-1.1532927922605207,-0.09894124867218779,0.05298542618012558,1.0
2024-12-20,6.56,0.6116227017436053,172.26,-0.6365393867076183,50.16875,-0.006249999999994316,272325,0.0,1.1837204480933485,-0.006250000000001421,0.0,-0.0479300723731229,SHORT,0.039777191217273494,-0.09027343508313412,-1.1437019334992031,-0.09909825926292827,0.053423042776889806,0.0
2024-12-23,6.56,0.0,173.37,0.6423075636768886,50.15,-0.006250000000001421,272425,0.03671408944405504,-0.6365393867076183,-0.006249999999994316,0.0,0.10894156577436967,LONG,0.039310137998099945,-0.09004815274181481,-1.1370558893052976,-0.09901160179353072,0.05337104027190043,1.0
2024-12-24,6.6,0.6079046076382193,173.82,0.25922420115177536,50.14375,-0.006250000000001421,272725,0.11006146208705962,0.6423075636768886,-0.006250000000001421,0.03671408944405504,-0.04708706687680837,SHORT,0.03867602414486365,-0.08932639572928824,-1.1206142759835989,-0.09869234213094656,0.0532277244140833,0.0
2024-12-26,6.64,0.6042314455962662,173.94,0.06901311523051566,50.13125,-0.006250000000001421,272725,0.0,0.25922420115177536,-0.006250000000001421,0.11006146208705962,0.01120220894247419,NEUTRAL,0.041427091131768644,-0.08994928948069185,-1.1400165270736584,-0.09906779278075584,0.05340108730186488,1.0
2024-12-27,6.63,-0.1507159290571363,173.81,-0.07476635862305095,50.125,-0.006250000000001421,272725,0.0,0.06901311523051566,-0.006250000000001421,0.0,0.035463616079440846,LONG,0.04281956142547677,-0.08829653573690392,-1.1594781564487486,-0.0991405308871798,0.05308009327105856,0.0
2024-12-30,6.58,-0.7570058860545279,173.94,0.07476635862304476,50.10625,-0.006250000000001421,271400,-0.48702140830516777,-0.07476635862305095,-0.006250000000001421,0.0,0.035259197062298644,LONG,0.03868786925911493,-0.08739335035385315,-1.1290839439270661,-0.09902972629203367,0.05318579777056032,0.0
2024-12-31,6.5,-1.2232568435634408,175.22,0.7331915076598627,50.1,-0.006250000000001421,271400,0.0,0.07476635862304476,-0.006250000000001421,-0.48702140830516777,0.06427349511024581,LONG,0.035584007131949764,-0.08898989136253933,-1.1095162051629177,-0.09892231805881777,0.053343683765758154,0.0
