Date,HG_Price,HG1_logret,DXY_Price,DXY_logret,PMI,PMI_change,LME_Stocks,STOCKS_logret,Forecasted_Return,Signal,Model_Alpha,Model_Beta_DXY,Model_Beta_PMI,Model_Beta_STOCKS,Model_R2
2024-01-02,5.73,0.5249355886143745,150.99,1.6561313413524532,49.02424242424242,0.006060606060607654,165700,-0.9609683560261102,-0.08846791096507811,SHORT,-0.0032032649063126247,-0.08530505890735227,0.46723812116463515,-0.07476271353753823,0.03869032010386453
2024-01-03,5.75,0.3484324082610843,152.67,1.1065119812472606,49.03030303030303,0.006060606060607654,165700,0.0,-0.06866750090263062,SHORT,-0.0021184328733336623,-0.08532470364062168,0.4781757473924096,-0.07478062370964461,0.03876049996695641
2024-01-04,5.73,-0.34843240826108113,152.62,-0.032755740736375855,49.03636363636364,0.006060606060607654,164450,-0.7572351797451247,-0.08999455090592458,SHORT,0.0008753089099246651,-0.08481137542444753,0.4908656341645039,-0.07499226545143908,0.03888463868853598
2024-01-05,5.65,-1.4059985568298599,152.05,-0.37417577381134204,49.04242424242425,0.006060606060607654,163175,-0.7783328113784874,0.06490416970172387,LONG,0.002332989615506464,-0.08407934906930252,0.497486920583448,-0.07501239773352555,0.03879593563020478
2024-01-08,5.68,0.5295687574710283,152.29,0.1577183740225833,49.06060606060606,0.006060606060607654,161725,-0.8925882591232022,0.09139195312558442,LONG,-0.0010421663401106573,-0.08361889662100742,0.48268828060162605,-0.07480163979643539,0.03858822822998853
2024-01-09,5.62,-1.0619568827460262,153.46,0.7653348885919873,49.06666666666667,0.006060606060607654,160550,-0.7291941394526227,0.051578494317417956,LONG,-0.004641895297141086,-0.0833889739135841,0.471879961956975,-0.07451642317101642,0.038205055572369306
2024-01-10,5.65,0.5323881252750017,152.86,-0.39174769347811567,49.07272727272727,0.0060606060606005485,158900,-1.0330346992852655,-0.01058390206641458,NEUTRAL,-0.004502477046144144,-0.08280973788740582,0.47741212153060764,-0.07460612580320614,0.038186983089976145
2024-01-11,5.67,0.35335725813110447,153.58,0.4699134087659506,49.07878787878788,0.006060606060607654,157325,-0.9961344129673042,0.11127061492110735,LONG,-0.0025744574703877848,-0.08501816345972976,0.4547593949032296,-0.07529590773799914,0.03913615081736743
2024-01-12,5.58,-1.6000341346441076,152.85,-0.47645555655540467,49.084848484848486,0.006060606060607654,155825,-0.958014671808296,0.035309165029205364,NEUTRAL,-0.002158046460961337,-0.08582300442589337,0.4599235910799261,-0.07530025604026601,0.03929164898829718
2024-01-16,5.71,2.303024727469933,156.64,2.449313044535674,49.10909090909091,0.006060606060607654,154725,-0.7084235069489117,0.11156962883583534,LONG,-0.0035213132175604175,-0.08462200006630564,0.468464655289219,-0.07508563522327819,0.03894751942098207
2024-01-17,5.72,0.17497817237875507,158.39,1.111016729212868,49.11515151515152,0.006060606060607654,154075,-0.42098507771184107,-0.1517595044620768,SHORT,-0.004682406596412432,-0.08285786595342753,0.44704486922488085,-0.07503758795584355,0.038528004561396045
2024-01-18,5.71,-0.1749781723787595,157.94,-0.2845132004893912,49.121212121212125,0.006060606060607654,157325,2.087423256469043,-0.0488895623323317,NEUTRAL,-0.00281828708127921,-0.07275008355222878,0.4673776617448433,-0.07582856121944268,0.037493472981612874
2024-01-19,5.75,0.698083114134014,156.87,-0.6797777201285954,49.12727272727273,0.006060606060607654,157875,0.34898512576578367,-0.14324767956692105,SHORT,-0.006428671738513504,-0.06679017037107338,0.4752687111192442,-0.07602775761988519,0.036975029516927105
2024-01-22,5.71,-0.6980831141340205,156.8,-0.044632895184143,49.14545454545455,0.006060606060607654,156750,-0.7151401157625128,0.018195888413433253,NEUTRAL,-0.00414348458206425,-0.06775562611298022,0.46917299393453754,-0.07611460425912277,0.037236735937588805
2024-01-23,5.78,1.2184659016367219,157.84,0.6610753798052347,49.151515151515156,0.006060606060607654,159575,1.786185162909087,0.0597721842107385,LONG,0.0002453418626756458,-0.06566948143627778,0.47340543579512523,-0.07512751449515626,0.036162769440453046
2024-01-24,5.88,1.7153079226249492,156.34,-0.9548738922175485,49.157575757575756,0.0060606060606005485,157725,-1.1661020885247846,-0.17952359727055625,SHORT,-0.0023436823601363874,-0.06633548006325848,0.46251516159464406,-0.07621286261431726,0.036432550004573905
2024-01-25,5.88,0.0,157.37,0.6566597820588729,49.163636363636364,0.006060606060607654,155175,-1.6299497957156743,0.15034068311614324,LONG,-0.00303010613937652,-0.06295889818585772,0.4739070658382667,-0.07750677916546725,0.037036275632072346
2024-01-26,5.84,-0.6825965070399871,156.94,-0.2736153913445911,49.16969696969697,0.006060606060607654,151350,-2.495847683198878,0.08470323033037679,LONG,-0.0032648297751656907,-0.06383703722709706,0.49440760873770095,-0.07784955441080381,0.03752171257596715
2024-01-29,5.88,0.6825965070399891,157.16,0.1400827990931744,49.18787878787879,0.0060606060606005485,150350,-0.6629126033189571,0.21145278325895647,LONG,-0.0031074536686439887,-0.06370964527997094,0.4932009605342544,-0.07778487524629724,0.037441846078256735
2024-01-30,5.94,1.0152371464018128,157.13,-0.019090648821859388,49.193939393939395,0.006060606060607654,148475,-1.254931553261416,0.04349569759801883,NEUTRAL,-0.002624828650561375,-0.06063976048817264,0.4766995789957538,-0.07802842338127638,0.03729010083451967
2024-01-31,5.91,-0.5063301956546762,156.23,-0.5744207778228655,49.2,0.006060606060607654,146475,-1.3561828471071595,0.10026579368425202,LONG,-0.001806472028011893,-0.060388044805582096,0.48304911489124275,-0.07808541279234854,0.03729346366630881
2024-02-01,5.89,-0.338983375451154,157.42,0.7588112290492379,49.19655172413793,-0.0034482758620697496,145425,-0.7194275634027085,0.14073274049938744,LONG,-0.0019650431028835173,-0.060120198642333776,0.4996941959646355,-0.07752276390091768,0.03675301792772567
2024-02-02,5.86,-0.5106394074574028,159.41,1.2562106931251193,49.19310344827586,-0.0034482758620697496,140225,-3.6412214402424627,0.008972803542318341,NEUTRAL,-0.0021043768573678727,-0.056904624126695474,0.4881941253168131,-0.07775692652864034,0.03655020941977016
2024-02-05,5.83,-0.5132603226520314,161.38,1.2282332774805187,49.18275862068966,-0.003448275862062644,139425,-0.5721453118783196,0.21558051604817607,LONG,0.0008079335678599503,-0.054958731400076594,0.47467531713474287,-0.07839378754319103,0.03694322282796447
2024-02-06,5.8,-0.5159082810027448,160.0,-0.8588017186533504,49.17931034482759,-0.0034482758620697496,138800,-0.4492774202913331,-0.027212526581414494,NEUTRAL,0.0006586102998130498,-0.057725937358372045,0.4758796682446462,-0.07807587303771453,0.03695750924491936
2024-02-07,5.72,-1.388911216066715,159.36,-0.4008021397538711,49.17586206896552,-0.0034482758620697496,137850,-0.6867910602898417,0.07883906754648351,LONG,-0.002948266128354681,-0.056512486233966645,0.4714320211045503,-0.07763564215645995,0.03647437004526122
2024-02-08,5.71,-0.1749781723787595,160.59,0.7688739237111463,49.17241379310345,-0.0034482758620697496,136825,-0.7463400439823911,0.06691251934444194,LONG,-0.006415182072609455,-0.05482503301834489,0.4685755908778546,-0.07712606036026001,0.03586589615548186
2024-02-09,5.65,-1.056347850956926,159.67,-0.5745347721789738,49.16896551724138,-0.0034482758620697496,136825,0.0,0.006880628237923436,NEUTRAL,-0.006765957791484884,-0.0555379889828426,0.4749618338928552,-0.07769393780813688,0.03630034844173169
2024-02-12,5.7,0.8810629682154906,159.51,-0.1002569167253193,49.15862068965517,-0.0034482758620697496,136300,-0.3844398327494908,0.021891395055477957,NEUTRAL,-0.01063191115835419,-0.05941427360065722,0.4675553807150856,-0.07739559699094861,0.03664520779122571
2024-02-13,5.74,0.6993035490970604,162.46,1.832520143845101,49.1551724137931,-0.0034482758620697496,135450,-0.6255770171382796,0.025312674679432295,NEUTRAL,-0.009274916618232662,-0.06059774663796206,0.4732815549492794,-0.07841084833885534,0.037611619933041296
2024-02-14,5.7,-0.6993035490970637,161.46,-0.6174383655938394,49.15172413793103,-0.0034482758620697496,133825,-1.2069592251659182,-0.07104724682224206,SHORT,-0.00725724292489109,-0.06072371153532542,0.47221869322948357,-0.0785127325270593,0.03767833324251946
2024-02-15,5.77,1.2205905679503546,160.02,-0.8958626544891571,49.14827586206897,-0.003448275862062644,132525,-0.9761669405575201,0.11607622743688673,LONG,-0.010156838909314047,-0.05616136840932467,0.46544003472389084,-0.0771872375806286,0.03608806867605019
2024-02-16,5.88,1.888468139052742,159.8,-0.13757740898036305,49.1448275862069,-0.0034482758620697496,130675,-1.4057982274884269,0.11025321501627332,LONG,-0.012516579244108459,-0.05507974753217877,0.4663886604605823,-0.07686609643322183,0.03567825658340695
2024-02-20,5.89,0.16992357529598429,158.45,-0.8483947195244695,49.13103448275862,-0.0034482758620697496,125925,-3.7026832967271335,0.1117974272727446,LONG,-0.004928679945184384,-0.05082790748353835,0.4641689089095789,-0.07919622864077261,0.037338320739854214
2024-02-21,5.92,0.5080451232418913,158.95,0.3150601219881872,49.12758620689655,-0.0034482758620697496,124075,-1.480027015820966,0.3340378070062654,LONG,-0.002641154089964055,-0.052276123821625595,0.45670729166882174,-0.07937568591902901,0.037498082201293026
2024-02-22,5.95,0.5054770661624054,158.83,-0.0755239509747856,49.12413793103448,-0.0034482758620697496,122775,-1.053280954819621,0.09616498516902407,LONG,-0.003081874325198228,-0.05205542891504653,0.45771547886063535,-0.07920516129955259,0.03738094715630558
2024-02-23,5.91,-0.6745388139531538,158.43,-0.25215924601121625,49.12068965517241,-0.0034482758620697496,122900,0.10176046466807466,0.08365023519206033,LONG,-0.002658736431262512,-0.051520348505094064,0.45212766505047997,-0.07972897627961878,0.03744228128047766
2024-02-26,5.86,-0.8496227829085533,158.77,0.21437587024687785,49.11034482758621,-0.0034482758620697496,127825,3.929112439407377,0.0034278892794962976,NEUTRAL,5.211014385889459e-05,-0.05194286783587924,0.45471933809448584,-0.08013030957108827,0.03784507713107976
2024-02-27,5.88,0.34071583216141343,158.6,-0.10713048886726809,49.10689655172414,-0.0034482758620697496,126525,-1.0222223865921218,-0.3293751298397627,SHORT,-0.001940306587220662,-0.051911703970003366,0.4538573888504965,-0.08010490560220544,0.03780291454807938
2024-02-28,5.91,0.5089069507471228,160.11,0.9475769813215583,49.10344827586207,-0.0034482758620697496,124825,-1.352716071346866,0.0853030146695685,LONG,-0.0010039314680181169,-0.05300864276250472,0.45890047389367994,-0.08042332160768063,0.038347559149011445
2024-02-29,5.91,0.0,159.96,-0.09372950353455306,49.1,-0.0034482758620697496,122675,-1.7374174410705834,0.05817284068987151,LONG,0.0011614852331833965,-0.05312384887380368,0.4629931530790339,-0.08053931067315553,0.03850415917434602
2024-03-01,5.91,0.0,158.98,-0.6145375833651132,49.160714285714285,0.06071428571428328,121375,-1.065365536447807,0.1431084871257107,LONG,-0.0010126042431068162,-0.059652474186320914,0.45362766291139844,-0.08063354527670993,0.039422614141582546
2024-03-04,5.92,0.1690617477907452,159.28,0.18852516109742432,49.34285714285714,0.06071428571428328,116775,-3.8635920223317273,0.15456753273314972,LONG,0.0013309951201100727,-0.06407940996380736,0.46510390851933847,-0.08036573115291556,0.039864343205864405
2024-03-05,5.9,-0.33840979842404567,159.19,-0.056520238889633714,49.40357142857143,0.060714285714290384,114075,-2.339287957470546,0.3329449508776587,LONG,0.0037962201163476766,-0.06446070853537675,0.45778381841982996,-0.08114396573535586,0.04060956552367123
2024-03-06,5.9,0.0,157.39,-1.1371655803535006,49.464285714285715,0.06071428571428328,113775,-0.26333129107606573,0.22148457174741526,LONG,-0.0024680979994064906,-0.06766518304942262,0.521589513802695,-0.08056309701758291,0.04129759401975186
2024-03-07,5.93,0.5071862097960128,155.4,-1.2724363629962403,49.525,0.06071428571428328,113525,-0.21997369186908608,0.12336871586543212,LONG,-0.006610335673832806,-0.0678994176028579,0.5228913652246148,-0.07982034753095799,0.040856000370214085
2024-03-08,5.86,-1.187460942071274,154.7,-0.45146803545266945,49.58571428571429,0.060714285714290384,112800,-0.6406737920056327,0.12581577692100013,LONG,-0.00976321623264056,-0.06657532976914907,0.5499011648478539,-0.07946071228427645,0.04054649734624405
2024-03-11,5.95,1.5241615968617042,155.67,0.6250624468737498,49.767857142857146,0.060714285714290384,110850,-1.7438403001638025,0.10636694313755861,LONG,-0.014394121988092697,-0.06954956660647306,0.6513470044353011,-0.0777550001551684,0.040153543588076435
2024-03-12,5.96,0.1679261519719994,156.01,0.21817257114001673,49.82857142857143,0.06071428571428328,110900,0.045095829400090895,0.11483240642308704,LONG,-0.009802628338304253,-0.06341255880324184,0.477258710362409,-0.07758475487473568,0.039374941615946235
2024-03-13,6.13,2.8124268870861626,155.2,-0.5205500010039733,49.88928571428571,0.06071428571428328,108925,-1.796932235281559,0.010281336400181368,NEUTRAL,-0.00748491620613592,-0.062346866369710326,0.5745975967041792,-0.07800397418371759,0.0397536395103012
2024-03-14,6.14,0.162999221093097,156.96,1.1276388067934757,49.95,0.060714285714290384,108050,-0.8065489050610825,0.204596927049418,LONG,-0.00028594427148241446,-0.0727404184329044,0.526887066799697,-0.07514377663697913,0.03928122001569234
2024-03-15,6.28,2.254523832105622,157.46,0.31804619392682393,50.010714285714286,0.06071428571428328,107300,-0.6965433316242227,0.023605567866227847,NEUTRAL,0.0029087482043089526,-0.07465441646961735,0.7192739203374178,-0.07589103906940654,0.040495286557282406
2024-03-18,6.3,0.31796529173795846,157.9,0.2790463505275237,50.19285714285714,0.060714285714290384,106825,-0.4436668106564172,0.07634155195599936,LONG,0.0025468200881109066,-0.07495009487715901,0.7346964626538002,-0.07612699874326545,0.040653758634903836
2024-03-19,6.24,-0.9569451016150673,159.02,0.7068059211741076,50.253571428571426,0.06071428571428328,106700,-0.11708232223809215,0.0735836049020898,LONG,0.007795856544179889,-0.07332536012598254,0.8665076938712477,-0.07582159853941146,0.04005658639356957
2024-03-20,6.21,-0.48192864359489945,158.4,-0.39065010930119426,50.31428571428571,0.06071428571428328,112325,5.137529664851596,0.0187856117842984,NEUTRAL,0.007958097208438,-0.07337570695661993,0.8863826117168281,-0.0757912160739528,0.040107665193483966
2024-03-21,6.18,-0.4842624475788015,158.31,-0.05683432946393346,50.375,0.060714285714290384,111325,-0.8942603748457574,-0.305851978179497,SHORT,0.0039572731690858485,-0.0723314342619138,0.847645519915845,-0.075820433504157,0.039850553142877554
2024-03-22,6.15,-0.4866189651172788,160.17,1.1680615094518336,50.43571428571428,0.06071428571428328,113850,2.2427941301982557,0.1262767816684698,LONG,0.003281196443492571,-0.07152722986574384,0.8383353873174819,-0.0760756606920946,0.04000002721820961
2024-03-25,6.14,-0.16273396593754824,159.74,-0.26882576909615424,50.61785714285714,0.06071428571428328,117900,3.4955015033576635,-0.2047842446414983,SHORT,0.00044254107312915406,-0.07141805058805177,0.8171904763740973,-0.07643200216198863,0.0402059928768006
2024-03-26,6.13,-0.16299922109310644,159.46,-0.17543864148934732,50.67857142857142,0.06071428571428328,117400,-0.42499001493291516,-0.19922597231045586,SHORT,0.0013109658854652565,-0.0718741288560558,0.782383455923277,-0.07648699581104543,0.040275871983702305
2024-03-27,6.13,0.0,159.94,0.30056378293943453,50.739285714285714,0.060714285714290384,113100,-3.731452427192127,0.09444968279416466,LONG,0.002352537541944322,-0.07211617778036825,0.7731785859692596,-0.07647755070541032,0.04033319584220152
2024-03-28,6.14,0.162999221093097,160.25,0.19363508970355936,50.8,0.06071428571428328,112475,-0.5541408394838745,0.31120798567607555,LONG,0.0003302026161606762,-0.07123661937772109,0.7751976684215588,-0.07643762414329591,0.040211936219352706
2024-04-01,6.24,1.6155440222285207,161.75,0.9316837580230539,50.75151515151515,-0.012121212121208202,112475,0.0,0.0744602513494065,LONG,0.0011100825341421134,-0.07138023814905503,0.7414055190083257,-0.076078098052412,0.03996470692819187
2024-04-02,6.25,0.16012813669738277,160.9,-0.5268879382672398,50.739393939393935,-0.012121212121215308,111925,-0.490197060020678,-0.07203290364714826,SHORT,0.0031761938339733313,-0.07131311673841162,0.7233455527604081,-0.07615482833351096,0.040020541714720026
2024-04-03,6.41,2.5277807184268606,159.26,-1.0244967169038823,50.72727272727273,-0.012121212121208202,112975,0.9337551170314138,0.06986837662329637,LONG,0.004474897917622222,-0.06987610460132532,0.7241783489404888,-0.07620307106219544,0.03976725143667004
2024-04-04,6.42,0.15588467692910996,157.33,-1.2192576576966763,50.71515151515151,-0.012121212121215308,112525,-0.39911361183470406,-0.0030391209656066044,NEUTRAL,0.004926512930682667,-0.07017285009745818,0.7200191878373448,-0.0761762713075595,0.03978097542556813
2024-04-05,6.45,0.4662013105811371,158.71,0.8733127267135316,50.7030303030303,-0.012121212121208202,115525,2.63115375773337,0.12068682510946185,LONG,0.009079035975228151,-0.0734297916409691,0.6970045895532716,-0.07648572473391195,0.039805856034723086
2024-04-08,6.48,0.4640379556502301,157.78,-0.5876979852523723,50.666666666666664,-0.012121212121215308,114275,-1.087913253852203,-0.26819921052035256,SHORT,0.007843578913060438,-0.07408360733593734,0.7096486990350085,-0.07705472525034139,0.0402921517896202
2024-04-09,6.47,-0.15444018513742472,157.25,-0.3364762086393654,50.65454545454545,-0.012121212121215308,124225,8.34866132705762,0.12876861867429656,LONG,0.010912437394721058,-0.07265954039772397,0.6419645967744997,-0.07623374799104256,0.03920494886874315
2024-04-10,6.56,1.3814494443188514,161.27,2.5243083411874396,50.64242424242424,-0.012121212121208202,123475,-0.6055731061695698,-0.6143788479366611,SHORT,0.008758898530407773,-0.0721504227072429,0.7393274411756068,-0.07647370966415994,0.03968338716706066
2024-04-11,6.53,-0.45836596676579283,161.54,0.16728110217257777,50.630303030303025,-0.012121212121215308,124850,1.1074310299093715,-0.1365444686401861,SHORT,0.01112048803589847,-0.07329989494576244,0.6856120770715054,-0.07542776998739803,0.03929760665119508
2024-04-12,6.58,0.7627802048886068,163.89,1.4442681061585732,50.61818181818182,-0.012121212121208202,124425,-0.3409891981164353,-0.08951966514626722,SHORT,0.013868490089708196,-0.06757353547843688,0.6627667421953092,-0.07589713598804161,0.0387138990774627
2024-04-15,6.78,2.994235661507832,164.47,0.3532711677441695,50.58181818181818,-0.012121212121215308,123475,-0.7664418317929385,-0.06911431181219621,SHORT,0.011943496669493417,-0.06829708586534868,0.7098362752867242,-0.07679296172996156,0.0392604858453216
2024-04-16,6.72,-0.8888947417246152,166.0,0.9259605603365667,50.56969696969697,-0.012121212121208202,123875,0.32342862234636305,0.037669439342644453,NEUTRAL,0.011367914569871919,-0.06689960415522403,0.7759050596142201,-0.07742288247629299,0.03971443032867361
2024-04-17,6.76,0.5934735519814527,165.01,-0.5981710231829666,50.557575757575755,-0.012121212121215308,123775,-0.08075914026653577,-0.07213080775111692,SHORT,0.020201900953129306,-0.06448154453198578,0.6182638040972213,-0.0777025691152361,0.038838274418019014
2024-04-18,6.9,2.0498521548340967,164.98,-0.018182369212797422,50.54545454545455,-0.012121212121208202,122925,-0.6890987949483695,0.05396126875741725,LONG,0.01705159571870098,-0.06521868673640761,0.6893901143991699,-0.07744000559206855,0.038883125589872836
2024-04-19,7.0,1.4388737452099452,165.3,0.1937750394392916,50.53333333333333,-0.012121212121215308,122125,-0.6529302935056218,0.06070863514358616,LONG,0.015257220054378936,-0.06669940391417767,0.7891162688698004,-0.07807836550964305,0.03985613786506381
2024-04-22,6.95,-0.7168489478612516,164.82,-0.29080354917410806,50.49696969696969,-0.012121212121215308,121200,-0.7603036727732712,0.04707886269188054,NEUTRAL,0.018245281472422773,-0.06698814426717584,0.7940893446292333,-0.07878258585623367,0.040169527698383445
2024-04-23,6.85,-1.4493007302566865,163.17,-1.0061367232258434,50.484848484848484,-0.012121212121208202,120600,-0.49627893421290137,0.08408461231968832,LONG,0.015521902412104716,-0.07149151645116009,0.9892879684640041,-0.07860555544138166,0.041416654400952435
2024-04-24,6.86,0.14587894636600882,163.02,-0.09197094366675623,50.47272727272727,-0.012121212121215308,120225,-0.3114297129358781,0.11603938980470141,LONG,0.016945404579509753,-0.07173375437532528,0.8980028794583285,-0.07617672529389771,0.03879762775373441
2024-04-25,6.98,1.7341475036487173,162.47,-0.33795233246524836,50.46060606060606,-0.012121212121208202,120400,0.14545457109943616,0.038291157763286135,NEUTRAL,0.018316948811562293,-0.07539162292756878,0.775851396414974,-0.07206964738658489,0.03552751030541301
2024-04-26,7.01,0.4288784272217499,162.32,-0.09236738240997251,50.448484848484846,-0.012121212121215308,118550,-1.5484720363306124,0.018344925894679186,NEUTRAL,0.013941308729404743,-0.0783616694863523,0.9515897671187091,-0.07249322117682888,0.03688446670935297
2024-04-29,7.13,1.6973533379705967,160.98,-0.8289561851971596,50.412121212121214,-0.012121212121208202,117500,-0.8896478927200793,0.12586339527136736,LONG,0.017759700509075535,-0.07880332503905332,0.9118336705001385,-0.0722501695979894,0.03598745034729667
2024-04-30,7.03,-1.4124528603630977,163.58,1.6022033641240434,50.4,-0.012121212121215308,116125,-1.1771136450211053,0.13794982248494503,LONG,0.020743233467480967,-0.0752247507595138,0.8084167943736489,-0.07266645441573745,0.03555252739282311
2024-05-01,7.0,-0.42765567672603044,162.94,-0.39201324243323826,50.37096774193548,-0.029032258064518146,117375,1.070674039442445,-0.023918322640483512,NEUTRAL,0.023695447658864735,-0.07726926042520905,0.7925567058497501,-0.07288510078010074,0.03589505752744604
2024-05-02,6.86,-2.0202707317519355,161.09,-1.1418819872621504,50.34193548387097,-0.02903225806451104,115275,-1.8053359435657765,-0.06026154425301433,SHORT,0.016815452579068704,-0.08358724825017273,0.9681334789574628,-0.07634181929476615,0.03907182173558865
2024-05-03,6.89,0.43636432877732717,158.9,-1.3688141467203876,50.31290322580645,-0.029032258064518146,111300,-3.5091319811270063,0.22123207786274127,LONG,0.016515005843343304,-0.08298650489758116,0.9623877544525221,-0.07638277353744743,0.03890132001985547
2024-05-06,6.96,1.0108389320761058,158.53,-0.2331223687533867,50.225806451612904,-0.02903225806451104,111300,0.0,0.3586012521593305,LONG,0.013885516842603848,-0.08088770774782024,0.9694608590432358,-0.07470255775752509,0.0370707300605112
2024-05-07,6.96,0.0,159.23,0.4405848013198221,50.196774193548386,-0.029032258064518146,107350,-3.6134733956709115,0.002688949953205828,NEUTRAL,0.017852856537645838,-0.07578983877461334,1.13088734793072,-0.0748428750209194,0.0371738671529499
2024-05-08,6.91,-0.7209836566749755,160.51,0.8006548056791679,50.16774193548387,-0.029032258064518146,106000,-1.2655430212722922,0.2239120507273985,LONG,0.021144807615977642,-0.07723941247552833,1.1454096407644434,-0.07473462594599546,0.03729085072522198
2024-05-09,6.94,0.4332136739134737,159.27,-0.7755370661436453,50.13870967741936,-0.02903225806451104,104375,-1.54489109410476,0.020634824102037548,NEUTRAL,0.01973652963053827,-0.0762400004577338,1.1118292073222324,-0.07444956679457004,0.0368165365050912
2024-05-10,7.06,1.7143276986437437,159.47,0.12549414961908964,50.10967741935484,-0.029032258064518146,103450,-0.8901778979467506,0.15712805596625165,LONG,0.01921914443880316,-0.07668363247631317,1.1836182612921846,-0.07301551767479118,0.03542387515075973
2024-05-13,7.2,1.9635974516858934,158.93,-0.33919630511525567,50.02258064516129,-0.02903225806451104,103100,-0.3389013168637758,0.041132474126556004,NEUTRAL,0.019821716854328097,-0.07697859448522403,1.1748309462521582,-0.07310798874012428,0.035528279815813746
2024-05-14,7.39,2.604670893810069,158.52,-0.258308538649396,49.99354838709677,-0.029032258064518146,104750,1.587716777933285,0.04184747138308639,NEUTRAL,0.02325790374183958,-0.07650326058026269,1.11148616095632,-0.07349896900277021,0.03545778503750807
2024-05-15,7.39,0.0,156.57,-1.237757399880278,49.964516129032255,-0.029032258064518146,104625,-0.11940299926076894,-0.1003416091970442,SHORT,0.027984717442249493,-0.07690679343490765,1.0738432424342292,-0.07370074786310732,0.0354097767767122
2024-05-16,7.3,-1.2253386805764888,156.46,-0.07028080664969014,49.935483870967744,-0.02903225806451104,104425,-0.19134184264003473,0.10970811629611982,LONG,0.0323281353408121,-0.07701030310995957,0.9200865921608362,-0.07346632709024996,0.034558174501043926
2024-05-17,7.55,3.3673215106587806,156.16,-0.19192635921523282,49.906451612903226,-0.029032258064518146,103650,-0.7449271501450463,0.024135160870198916,NEUTRAL,0.03366489104313062,-0.07335671065397245,0.9896073916719648,-0.073403903782458,0.034153689627404504
2024-05-20,7.61,0.7915608612661218,156.64,0.3069056117417747,49.81935483870968,-0.029032258064518146,105900,2.147541372557218,0.07018675129313656,LONG,0.028903840253829687,-0.07162722771815828,0.938144648026998,-0.07352694221895642,0.0338706650802344
2024-05-21,7.65,0.5242475964850044,156.9,0.1658480956786723,49.79032258064516,-0.029032258064518146,108200,2.148611380502035,-0.16963060248310347,SHORT,0.03586246762372795,-0.07256457283195245,0.828964468034039,-0.07411074224812858,0.03372097814199293
2024-05-22,7.3,-4.683129968409909,158.01,0.7049662424420604,49.76129032258064,-0.029032258064518146,110250,1.8769147914574191,-0.15536318516242814,SHORT,0.03796562362591184,-0.0723487618608187,0.7997379817383574,-0.0735878560329718,0.03323593532096669
2024-05-23,7.23,-0.963531198367203,158.63,0.39161242569561666,49.73225806451613,-0.02903225806451104,110025,-0.20429016298002933,-0.1701673192280748,SHORT,0.04210943167767369,-0.07193722744946851,0.8943509922234956,-0.07224537085522921,0.03248983066707101
2024-05-24,7.17,-0.833338155914441,157.97,-0.4169304839358011,49.70322580645161,-0.029032258064518146,112675,2.379995587955686,-0.01027070151532395,NEUTRAL,0.029971809304623752,-0.07257285011414298,0.9278393118907516,-0.07398882637136324,0.03313392303436269
2024-05-28,7.29,1.659789140903783,157.0,-0.6159336232697747,49.58709677419355,-0.029032258064518146,114750,1.8248280363942584,-0.14537787532769703,SHORT,0.02815086894969247,-0.07316745203126013,0.9669593690906125,-0.07393352845285453,0.033188160205512296
2024-05-29,7.24,-0.6882339622941789,158.02,0.6475801946279226,49.55806451612903,-0.029032258064518146,117300,2.197890671877517,-0.0932208515929144,SHORT,0.026215927732436094,-0.07174900779069723,0.9669140647295885,-0.07428519526382198,0.03312487653799612
2024-05-30,7.01,-3.228350535112633,157.65,-0.23442213035174114,49.52903225806452,-0.02903225806451104,118125,0.7008630154476975,-0.20582420441616703,SHORT,0.03096102273175575,-0.0735170072446621,0.9588068514579076,-0.07340708225700096,0.032616391573814796
2024-05-31,6.92,-1.292193141692045,157.39,-0.16505844275604223,49.5,-0.029032258064518146,116475,-1.4066728111046363,-0.0336440493910251,NEUTRAL,0.03263373557051482,-0.07373806271764997,1.0903156488673629,-0.07406482048274585,0.033503302369437216
2024-06-03,6.99,1.0064786616140837,155.94,-0.9255483682055572,49.5,0.0,116000,-0.40864665964958463,0.1085925344715876,LONG,0.027008895179827987,-0.07269764761516397,1.235201125088113,-0.07496054219368203,0.033813595698174326
2024-06-04,6.83,-2.315588266302025,156.62,0.43511714413378355,49.5,0.0,118950,2.5113045642602043,0.12386037205823756,LONG,0.02526619744550002,-0.07346198668246691,1.330534741930053,-0.07488511649619949,0.033786043699074675
2024-06-05,6.95,1.7416985994002179,157.28,0.4205167076064877,49.5,0.0,120000,0.8788506033079337,-0.19457400967821264,SHORT,0.028973932449619738,-0.07513131950883027,1.4169178158476103,-0.07599915186088597,0.03479202451772312
2024-06-06,7.03,1.1445046245872879,156.52,-0.48438590566446976,49.5,0.0,122200,1.8167303955448935,-0.07589294912288148,SHORT,0.02411227826948975,-0.07653481726086517,1.4065163367730187,-0.07717017860065657,0.035625463367988
2024-06-07,6.8,-3.32640936405126,159.1,1.634913800152941,49.5,0.0,123800,1.3008313513000747,-0.08920151955863831,SHORT,0.019010221052788715,-0.06615996389169546,1.280238385139676,-0.0772039125804171,0.03466503147512312
2024-06-10,6.89,1.314847284350614,159.38,0.17583526258608337,49.5,0.0,125325,1.2243002899071471,-0.18341563133715302,SHORT,0.02472871160525175,-0.06638588412438305,1.3257020905954107,-0.07657345031894078,0.03441034758874584
2024-06-11,6.84,-0.7283353391108046,159.55,0.10660647546506419,49.5,0.0,127325,1.58325096211012,-0.08803766195352714,SHORT,0.02081991772679028,-0.07352368395648173,1.3591513564983553,-0.0783545705219172,0.03626169386379807
2024-06-12,6.82,-0.2928259779088334,156.36,-2.019631179949844,49.5,0.0,127425,0.07850834554370813,-0.11343684033651594,SHORT,0.026144327595304467,-0.07241412878888634,1.382553619142095,-0.0832851872782204,0.03786867315693365
2024-06-13,6.75,-1.0316966970932266,158.43,1.3151814462197426,49.5,0.0,132075,3.584198682427415,0.16446866882795294,LONG,0.024228896242455857,-0.07267364329985737,1.3732280732118507,-0.08322915657177055,0.03775895847608868
2024-06-14,6.8,0.738010729762246,159.71,0.8046815281266609,49.5,0.0,133925,1.3909998716644587,-0.3668375226607107,SHORT,0.023906514063477113,-0.07027375850157956,1.3773677490783778,-0.08323235395665733,0.03744822984534779
2024-06-17,6.75,-0.7380107297622533,159.75,0.02504225894261318,49.5,0.0,136675,2.0325903014038906,-0.14771543600967657,SHORT,0.024438275066565145,-0.06868367803566101,1.3974718118332665,-0.0840296440410757,0.038068297455263744
2024-06-18,6.76,0.1480385170434203,158.49,-0.7918593413309931,49.5,0.0,155850,13.128816143228322,-0.145688670858697,SHORT,0.02621567102959123,-0.06753118087843812,1.397891571271189,-0.08374201552199935,0.03768778527872396
2024-06-20,6.84,1.1764841579586431,158.41,-0.05048911435749415,49.5,0.0,161925,3.823925885563467,-1.0222872078901337,SHORT,0.02606212523086749,-0.06669900987645154,1.4094725179892222,-0.08387394226075477,0.03771086107066157
2024-06-21,6.69,-2.217385749432197,159.4,0.6230157655355397,49.5,0.0,165175,1.9872252846968568,-0.2708813390458451,SHORT,0.029579220782489996,-0.07042535197986514,1.442787033744523,-0.07950370445877916,0.03620826205282146
2024-06-24,6.66,-0.44943895878393264,158.4,-0.6293286975789179,49.5,0.0,167825,1.5916251908865753,-0.16660562415147992,SHORT,0.03627687999580148,-0.07653614623991664,1.5072480504975643,-0.0780984821407175,0.03624437453979834
2024-06-25,6.58,-1.2084739215072,159.07,0.42208775299434853,49.5,0.0,172850,2.9502396542818423,-0.046160564217260655,NEUTRAL,0.035644106713172655,-0.07317815620585912,1.540289445547783,-0.0803315915070892,0.037505586325763285
2024-06-26,6.57,-0.15209128407066203,159.44,0.23233189942702925,49.5,0.0,175475,1.5072416248851688,-0.2338993099605538,SHORT,0.03670888515021908,-0.07484593248105988,1.5649975801802338,-0.0810160094289892,0.0381809572578059
2024-06-27,6.53,-0.610688920817945,159.05,-0.24490577093861282,49.5,0.0,177750,1.2881486066865113,-0.10252250818163426,SHORT,0.038585093666402434,-0.07406927756788381,1.6104857231980418,-0.08220244442289855,0.03928422549399535
2024-06-28,6.58,0.7627802048886068,158.52,-0.3337849872918849,49.5,0.0,180125,1.3272985636335997,-0.04184914334079483,NEUTRAL,0.04847787890238871,-0.06905674384107797,1.7355926516819726,-0.08325081188260076,0.041067315889473543
2024-07-01,6.64,0.9077218151116679,159.24,0.4531729809882099,49.49090909090909,-0.0030303030303002743,180050,-0.04164642248019464,-0.03921326805653867,NEUTRAL,0.04844139402590736,-0.06935222045741844,1.7491784881286114,-0.08348038274309222,0.04131419402284631
2024-07-02,6.63,-0.1507159290571363,158.66,-0.3648950258259613,49.487878787878785,-0.0030303030303073797,184475,2.427936284954619,0.015011018740528924,NEUTRAL,0.04764901879763443,-0.06856343299087736,1.707908657028417,-0.08664792368999134,0.04290508545277083
2024-07-03,6.75,1.793770068666725,156.84,-1.1537370449725997,49.484848484848484,-0.0030303030303002743,186450,1.0649153680399537,-0.14231160284714492,SHORT,0.048016602133305324,-0.06881799336220726,1.6872991928487457,-0.08662769360623902,0.04283749840095896
2024-07-05,6.91,2.342713289514015,155.67,-0.7487795376373027,49.47878787878788,-0.0030303030303073797,191625,2.737723056714832,0.030450540852158602,NEUTRAL,0.04663368527925182,-0.07016737529444558,1.6709941824428372,-0.08646154303096237,0.042880628001054966
2024-07-08,6.85,-0.8720985505444652,155.64,-0.019273393140510686,49.46969696969697,-0.0030303030303002743,191475,-0.07830853963210267,-0.12958319250696437,SHORT,0.05396675533998459,-0.07505743514751627,1.7282214217578638,-0.08566037541538689,0.043079577124969015
2024-07-09,6.8,-0.7326040092072897,156.15,0.32714356127349137,49.46666666666667,-0.0030303030303002743,191025,-0.2352942262026839,0.0638037920830823,LONG,0.06088832026089768,-0.07473399570502197,1.6670177083122162,-0.08334548167704063,0.040676484921329914
2024-07-10,6.83,0.4402061400637665,155.79,-0.23081372047503548,49.46363636363636,-0.0030303030303073797,195475,2.302818447694731,0.05908711021618846,LONG,0.06748802395257233,-0.06609507416987599,1.424985659357121,-0.07454412653866113,0.03286946360831566
2024-07-11,6.64,-2.82127100943563,153.97,-1.1751168282509816,49.46060606060606,-0.0030303030303002743,206775,5.619875156739246,-0.0942383161672742,SHORT,0.06631265386731346,-0.06633340201829312,1.4166573455959488,-0.07450380140504816,0.0328183813446572
2024-07-12,6.76,1.7910926566530243,153.29,-0.44262260638114487,49.45757575757575,-0.0030303030303073797,206225,-0.26634398311746976,-0.28767572577968425,SHORT,0.05997420521295012,-0.06159117934830561,1.6081634273444734,-0.07387237762954724,0.033029559797617014
2024-07-15,6.68,-1.1904902506318427,153.75,0.29963545086112414,49.448484848484846,-0.0030303030303073797,210325,1.9686147690081899,0.10135961850641531,LONG,0.05941482470351652,-0.057555853339692375,1.4906852182242996,-0.07879472129827217,0.03588139779482091
2024-07-16,6.62,-0.9022617599637419,155.08,0.8613206116101209,49.445454545454545,-0.0030303030303002743,216475,2.8821113896987693,-0.11268147203916405,SHORT,0.06398138749078881,-0.05571555268510362,1.4502107304611418,-0.07902710538357605,0.03558548394312433
2024-07-17,6.55,-1.063032030175637,154.16,-0.5950088696617476,49.442424242424245,-0.0030303030303002743,221100,2.1140020529535737,-0.21598159812633505,SHORT,0.07117894104330123,-0.05824525439583891,1.2038830251428916,-0.08096306460771326,0.037724066933544353
2024-07-18,6.36,-2.943667229512964,154.7,0.3496733472909518,49.43939393939394,-0.0030303030303073797,227425,2.8205425844725007,-0.07185416781810501,SHORT,0.06884940321392406,-0.05882482545134748,1.233679081714739,-0.08134639331682963,0.03824732363553329
2024-07-19,6.33,-0.4728141195946012,155.95,0.80476854747918,49.43636363636364,-0.0030303030303002743,231425,1.743533324514949,-0.18391631819990195,SHORT,0.07118221153417816,-0.05072151660515603,1.108154269608125,-0.08296436483181255,0.03861068715342808
2024-07-22,6.32,-0.1581027997318707,157.1,0.7347102207763345,49.42727272727273,-0.0030303030303002743,234400,1.2773210749582544,-0.1272647101001385,SHORT,0.06719504968098622,-0.054005828158273456,1.0833353445064815,-0.08472148564329028,0.04001230465901462
2024-07-23,6.29,-0.47581374464169235,157.89,0.5016042772221694,49.42424242424242,-0.0030303030303073797,236700,0.9764458817080596,-0.08607102157410934,SHORT,0.061471897662677244,-0.04831232751555549,1.2141379541825417,-0.08484018202188828,0.04024935784733341
2024-07-24,6.22,-1.1191163961261104,158.01,0.07597341296104602,49.42121212121212,-0.0030303030303002743,241750,2.111061781346552,-0.04540506140292691,NEUTRAL,0.06535527876604161,-0.054157246114009766,1.1095010970817143,-0.08216810664267783,0.03853697753865404
2024-07-25,6.3,1.2779726646399021,159.24,0.7754175968708821,49.418181818181814,-0.0030303030303073797,239425,-0.966391892572065,-0.11844534337009165,SHORT,0.06252039036850761,-0.0552736195704028,1.167447445786634,-0.08205761205621698,0.03875297123035881
2024-07-26,6.29,-0.15885626851378415,159.18,-0.037686075441323075,49.415151515151514,-0.0030303030303002743,237750,-0.7020513982183344,0.0966397798152173,LONG,0.06256659783775066,-0.05518027800592544,1.1161318041590222,-0.08303376585484985,0.03943821024977534
2024-07-29,6.25,-0.637960696403904,160.02,0.5263170044274691,49.406060606060606,-0.0030303030303002743,239100,0.566217303877928,0.1209486762014671,LONG,0.06381168840529865,-0.05250627751529909,1.1382379513003544,-0.08348026700373506,0.039522954761643914
2024-07-30,6.24,-0.1601281366973768,159.87,-0.09378224451773297,49.4030303030303,-0.0030303030303073797,239400,0.12539186595936813,-0.0159092581539039,NEUTRAL,0.06252457416777987,-0.052688632881803484,1.159775311822998,-0.08333980245902745,0.03948589042107353
2024-07-31,6.4,2.531780798429,159.41,-0.2881485331245378,49.4,-0.0030303030303002743,239275,-0.05222750419025653,0.05117204241935198,LONG,0.06020338075644935,-0.053556422517806776,1.1938493225911428,-0.08322911976252706,0.039566561600223316
2024-08-01,6.25,-2.3716526617316043,159.96,0.3444284333062462,49.39,-0.00999999999999801,245150,2.4256750015272157,0.07184696340946412,LONG,0.05613312856197546,-0.053058331446242835,1.295844004095547,-0.08332687060388606,0.040024547609776584
2024-08-02,6.29,0.6379606964038987,158.32,-1.0305482684307394,49.379999999999995,-0.010000000000005116,246500,0.5491725385502544,-0.17408519902534417,SHORT,0.05959349339818656,-0.05347834394090847,1.3259519356456138,-0.0832756699559989,0.03981114048689782
2024-08-05,6.18,-1.764279924274979,158.61,0.1830057621158423,49.35,-0.00999999999999801,251350,1.9484396655839458,0.04345546608249629,NEUTRAL,0.050390608681293705,-0.05246935810781664,1.4906855088564654,-0.08394537311644786,0.04084884344013351
2024-08-06,6.19,0.16168152269054775,158.28,-0.2082742398245055,49.339999999999996,-0.010000000000005116,252575,0.4861844175211653,-0.13321252087511098,SHORT,0.055275599536689854,-0.058015333259551,1.5219047097816067,-0.08347804446265594,0.04130525555812936
2024-08-07,6.03,-2.6188075957410684,157.4,-0.5575280533920703,49.33,-0.00999999999999801,294750,15.441930510368437,0.007266648924965952,NEUTRAL,0.05090781796949981,-0.06058537844025512,1.536274569457303,-0.08411786868363938,0.04206506723972747
2024-08-08,6.03,0.0,157.09,-0.19714464714544264,49.32,-0.00999999999999801,294425,-0.11032376898681717,-1.2315094128780482,SHORT,0.053341751699206234,-0.059186255256787175,1.5490184929994268,-0.08433912951840322,0.0421935637431361
2024-08-09,6.07,0.6611594332312789,156.67,-0.2677207106452749,49.31,-0.00999999999999801,296400,0.668559169431959,0.057952530951721565,LONG,0.05225987449946185,-0.05777381679365176,1.5600013929452463,-0.08976190486079628,0.04882299222262332
2024-08-12,6.16,1.4718172474021485,156.25,-0.2684393788884705,49.28,-0.00999999999999801,296125,-0.09282309429823325,-0.010684485106698186,NEUTRAL,0.04665503455641491,-0.06500368426962355,1.5285808117267057,-0.08893235903650981,0.04924398529847018
2024-08-13,6.13,-0.4882027597308421,155.18,-0.6871555150707637,49.27,-0.00999999999999801,305625,3.1577197750186836,0.060062652806996686,LONG,0.0491875088888705,-0.06685216795730396,1.5323111382232677,-0.0889056857987818,0.0494031788859991
2024-08-14,6.1,-0.4905978768854518,154.91,-0.1741430347531705,49.26,-0.010000000000005116,307425,0.5872294829374576,-0.1979735397035349,SHORT,0.05142403203075862,-0.06766189769489951,1.5100643205156723,-0.08892213201175599,0.04931778665429387
2024-08-15,6.26,2.5891413932741707,155.34,0.277195987322973,49.25,-0.00999999999999801,307450,0.008131734096766373,-0.004081098726225085,NEUTRAL,0.051486604212117676,-0.0687907500201925,1.5200222377203514,-0.08914217023086643,0.04966528589406494
2024-08-16,6.24,-0.3200002730670791,154.37,-0.6263944797751357,49.24,-0.00999999999999801,309050,0.5190603705803588,0.013620183687898822,NEUTRAL,0.0479460520820429,-0.06716321318217656,1.4971954839679538,-0.090576051293126,0.05074328900164182
2024-08-19,6.23,-0.1603849581974516,151.72,-1.731560137305183,49.21,-0.00999999999999801,308075,-0.31598162810954783,0.033150773174087836,NEUTRAL,0.05419486338035335,-0.06506158623505652,1.4695677526010908,-0.09074595906955038,0.05015966883381007
2024-08-20,6.16,-1.1299555253933395,150.38,-0.8871292870817409,49.2,-0.00999999999999801,320050,3.813397376382557,0.17723490059606933,LONG,0.05478353021425866,-0.0626564157311152,1.4804583901511719,-0.09102618601271106,0.0501997316261128
2024-08-21,6.22,0.9693129205659533,149.94,-0.2930209874964833,49.19,-0.010000000000005116,319625,-0.13287999766617278,-0.25330752647683313,SHORT,0.05319352231455036,-0.06186924506069109,1.476333006110394,-0.09089630683127788,0.05000051442550979
2024-08-22,6.18,-0.6451635281488719,151.15,0.8037507150551142,49.18,-0.00999999999999801,319700,0.02346224544449937,0.06645197032908202,LONG,0.05126404191336692,-0.0608024234500212,1.4812937569408748,-0.09169536452158358,0.05069743023839657
2024-08-23,6.2,0.323102058144654,148.74,-1.607290595031289,49.17,-0.00999999999999801,315575,-1.298668442687047,-0.01499961583041684,NEUTRAL,0.05149394917041768,-0.061903999942197876,1.4594731830111751,-0.09135736634768236,0.05038358783374974
2024-08-26,6.22,0.3220614700042157,148.73,-0.006723367064770459,49.14,-0.00999999999999801,315575,0.0,0.2594272598947062,LONG,0.046105273420684115,-0.06900726077186586,1.4481009771202362,-0.09000624884353005,0.050123883514359036
2024-08-27,6.35,2.068490615351211,148.3,-0.2895332460620014,49.13,-0.00999999999999801,317175,0.5057300387736617,0.03350512450310904,NEUTRAL,0.047616828037002026,-0.06826749633827478,1.4570690970370983,-0.09025095654810884,0.050374425642473186
2024-08-28,6.21,-2.22939169592128,148.86,0.3769017787878203,49.120000000000005,-0.00999999999999801,314250,-0.9264824556305173,0.007742651874104833,NEUTRAL,0.048170101747657734,-0.06822895579415145,1.4531546471134025,-0.09026644839926937,0.05034033524771098
2024-08-29,6.22,0.16090108057006858,149.21,0.2348442720565658,49.11,-0.010000000000005116,322950,2.7308665008124877,0.09712591121541309,LONG,0.05399863328231695,-0.06843945118703028,1.4437659663016802,-0.08997460014613383,0.0498420185298587
2024-08-30,6.21,-0.16090108057006625,149.89,0.45469820901739844,49.1,-0.00999999999999801,320925,-0.6290061507491468,-0.22619779290303424,SHORT,0.04817486946554181,-0.0693438736410394,1.4668699478731761,-0.08913615927054741,0.048885056157514595
2024-09-03,6.09,-1.9512814223581716,151.63,1.1541651070343506,49.19032258064516,0.022580645161283996,317800,-0.9785196868374612,0.05802820083864902,LONG,0.048387866739392195,-0.06954784087325051,1.4588859289543754,-0.0887947947859832,0.04864093297460348
2024-09-04,6.06,-0.49382816405825664,150.48,-0.7613157820072984,49.21290322580645,0.022580645161291102,318650,0.2671067657687473,0.09353550889606724,LONG,0.05103201183462766,-0.06757599733856505,1.485003262584562,-0.08887406630310539,0.0486993420152273
2024-09-05,6.16,1.6366977464205412,150.41,-0.04652863256529068,49.23548387096774,0.022580645161291102,317175,-0.46396497336411807,0.1134609188473961,LONG,0.049856104576006866,-0.0712988527242032,1.45498375414877,-0.08809435937242172,0.04824788437584615
2024-09-06,6.07,-1.4718172474021534,150.71,0.1992561764463135,49.25806451612903,0.022580645161291102,317575,0.12603388828624407,0.1279907302895841,LONG,0.050808338234223954,-0.07011752942012757,1.4505002149413968,-0.08872800964720551,0.048657278550238825
2024-09-09,6.23,2.6017727727954876,152.65,1.2790258749301926,49.325806451612905,0.022580645161291102,316450,-0.35487596882100997,0.07089247478269076,LONG,0.059408127117216346,-0.06101514194419765,1.5580312202912336,-0.0915575861215801,0.05069230164326144
2024-09-10,6.16,-1.1299555253933395,152.86,0.1374750633851254,49.348387096774196,0.022580645161291102,316175,-0.08693934552743136,0.045238560924818275,NEUTRAL,0.05904759396474847,-0.06390223697121461,1.5530212400652126,-0.09258265661511893,0.05166598459083327
2024-09-11,6.24,1.2903404835908001,153.28,0.27438444078123175,49.37096774193548,0.022580645161283996,314950,-0.3881961698102069,0.0918915689780374,LONG,0.05827907724263358,-0.06854708916427314,1.5599199428817325,-0.0898558461131888,0.049633771007487226
2024-09-12,6.27,0.4796172263493014,151.48,-1.1812711188956466,49.39354838709677,0.022580645161291102,311650,-1.0533132813078419,0.1090444211709943,LONG,0.057774976207123824,-0.06863544411007386,1.5502434165123917,-0.0904090486752115,0.0499764289351361
2024-09-13,6.31,0.6359321908292421,150.57,-0.6025510698642111,49.41612903225806,0.022580645161291102,311525,-0.04011714259283755,0.2631217061961476,LONG,0.055408367434356544,-0.06656295951645594,1.508610042008733,-0.09020967525771806,0.04968044657229176
2024-09-16,6.35,0.6319136351478533,149.62,-0.6329345890693031,49.483870967741936,0.022580645161291102,308550,-0.9595687061855438,0.13506260269058057,LONG,0.056189853548724925,-0.06780507989828748,1.523498240600131,-0.09011490595835221,0.04984867847690966
2024-09-17,6.32,-0.4735604745834127,149.17,-0.3012151278419938,49.50645161290323,0.022580645161291102,306500,-0.6666149390809738,0.22086245146930905,LONG,0.056794535656190415,-0.06789173968695371,1.5328152224803155,-0.0901289592490943,0.04987142945490597
2024-09-18,6.35,0.4735604745834029,148.62,-0.3693882436515807,49.52903225806452,0.022580645161291102,305250,-0.4086642385452016,0.1730636344942174,LONG,0.057304159101757846,-0.06919547973113901,1.5427316048989819,-0.09012830593423796,0.05009105231078814
2024-09-19,6.39,0.6279455484843102,147.84,-0.526210483594919,49.5516129032258,0.022580645161283996,304925,-0.1065268261512051,0.15499927318956713,LONG,0.05783552276644696,-0.06847643282264063,1.5504376356034595,-0.09019501977511464,0.05012427232803729
2024-09-20,6.39,0.0,148.26,0.28368813351995353,49.57419354838709,0.022580645161291102,303350,-0.5178590340995134,0.1404052861804329,LONG,0.05933884540801684,-0.06825533114651872,1.5737332852790056,-0.09024822587732212,0.05023865204191924
2024-09-23,6.35,-0.6279455484843136,147.22,-0.7039422598013765,49.64193548387097,0.022580645161291102,301700,-0.5454108223291391,0.12104710958801992,LONG,0.05869830726241748,-0.06910203390480395,1.5656784063334974,-0.0899824039903143,0.05008341822960716
2024-09-24,6.54,2.9482352564507175,146.28,-0.6405473349379389,49.66451612903226,0.022580645161291102,301850,0.04970590774198253,0.19106854117102573,LONG,0.05812531138910111,-0.06914293863103008,1.556081123453532,-0.09008489676090724,0.05010456162707555
2024-09-25,6.54,0.0,147.05,0.525007171882364,49.68709677419355,0.022580645161291102,303350,0.4957049145871641,0.1303218869544811,LONG,0.05662669648419045,-0.06803546381407799,1.53166732674201,-0.08994465991035747,0.04972315831506413
2024-09-26,6.74,3.01227594551083,146.51,-0.3678979486782494,49.70967741935484,0.022580645161291102,303050,-0.09894459910128413,0.014896397566968887,NEUTRAL,0.061467261966660955,-0.07192805459398316,1.6076845854381776,-0.09100308208751755,0.04992136568516403
2024-09-27,6.64,-1.4947961435873252,144.84,-1.146400061578114,49.732258064516124,0.022580645161283996,302525,-0.1733889713177795,0.13184225060985097,LONG,0.06007504773918668,-0.07321116312733612,1.583692033918335,-0.09168947426638872,0.050466118990286746
2024-09-30,6.56,-1.212136053234485,145.27,0.2964394987351824,49.8,0.022580645161291102,300600,-0.6383441365242104,0.19786805561696794,LONG,0.07024472596435663,-0.0634127949915762,1.730603809081527,-0.09140573890795338,0.049202880005350225
2024-10-01,6.66,1.5128881596300219,146.9,1.1158003295039476,49.809677419354834,0.009677419354837014,300175,-0.14148394020924313,0.14628489596912858,LONG,0.06756726956713816,-0.058995467230007245,1.6831620931090796,-0.0911723376653311,0.048076056818455615
2024-10-02,6.76,1.490340550257495,147.78,0.5972598180669955,49.81935483870968,0.009677419354844119,300275,0.03330835237723503,0.02654271299606898,NEUTRAL,0.06465597997482922,-0.05991110132940455,1.640470880559792,-0.09089395556795322,0.047666606488323104
2024-10-03,6.66,-1.4903405502574918,149.1,0.8892540410191114,49.829032258064515,0.009677419354837014,298100,-0.7269720756528258,0.046186317276276166,NEUTRAL,0.06390247196847926,-0.05006779288288835,1.5774930616038794,-0.0924313420124337,0.048005708286042115
2024-10-04,6.73,1.0455659104338708,150.75,1.1005613836602106,49.83870967741935,0.009677419354837014,298525,0.14246807354226423,0.10398949614776738,LONG,0.06354556442298939,-0.04726463677519798,1.5381954761168304,-0.09297253713855883,0.04815885232268491
2024-10-07,6.75,0.2967361227802008,151.58,0.549070277658838,49.86774193548387,0.009677419354837014,297300,-0.411195141539634,0.0047121816063957975,NEUTRAL,0.059144969110284724,-0.05070397287606329,1.5036182821703115,-0.09251965929468685,0.04781988627501543
2024-10-08,6.62,-1.944713493552155,152.39,0.5329485917886044,49.87741935483871,0.009677419354837014,296275,-0.34536529295397,0.08746569436757527,LONG,0.06351263867642437,-0.05158561069052304,1.474041760679455,-0.09244336124505455,0.047765770522194106
2024-10-09,6.55,-1.063032030175637,153.3,0.595376157599929,49.887096774193544,0.009677419354837014,294825,-0.49061170984786573,0.08291702357473486,LONG,0.05978644394161775,-0.045083030839212064,1.5543629600081306,-0.09298935328482262,0.048234707138115285
2024-10-10,6.59,0.6088298867255355,153.21,-0.058725655010621346,49.89677419354839,0.009677419354844119,299350,1.523149739532729,0.08323281448526267,LONG,0.053030501224277375,-0.051575994907631866,1.5833221476289159,-0.092918610832209,0.04861889188067314
2024-10-11,6.66,1.0566136037881906,152.52,-0.4513794338299201,49.906451612903226,0.009677419354837014,297550,-0.6031179280500033,-0.07029163760788411,SHORT,0.05295330398592797,-0.0500041292587463,1.523061427093589,-0.09251931528030287,0.04788141965903436
2024-10-14,6.55,-1.6654434905137234,153.57,0.6860754148238538,49.935483870967744,0.009677419354844119,292850,-1.5921745555069735,0.1478645708235247,LONG,0.05628674891334209,-0.04839089076798481,1.4921082663014278,-0.0916825865146591,0.046845585398465506
2024-10-15,6.46,-1.3835731852650024,153.7,0.0846161406948519,49.94516129032258,0.009677419354837014,288125,-1.62661187848783,0.16844724196238148,LONG,0.05110275902281072,-0.06383012674069248,1.651789588579275,-0.09116569699267982,0.04898515456965158
2024-10-16,6.55,1.3835731852650008,155.37,1.0806718559359814,49.95483870967742,0.009677419354837014,288750,0.21668480850902933,0.20309850063777599,LONG,0.045244345276823215,-0.06666920124726435,1.672421627882317,-0.09056291939754851,0.04866757864874294
2024-10-17,6.45,-1.5384918839479342,154.95,-0.2706884870152668,49.964516129032255,0.009677419354837014,287425,-0.4599305196199387,-0.03184260908759211,NEUTRAL,0.04379104308066632,-0.06643783237351458,1.6171824355001627,-0.0899292815610954,0.04783013502891598
2024-10-18,6.54,1.3857034661426282,154.32,-0.40741156362836134,49.9741935483871,0.009677419354844119,284200,-1.1283740976803631,0.11900805323975291,LONG,0.0441689530945971,-0.06361079597711496,1.6824135462493148,-0.08988089906084273,0.04768140084853578
2024-10-21,6.53,-0.15302221807675936,155.88,1.005811187303478,50.00322580645161,0.009677419354837014,282200,-0.7062176244286656,0.18456056048815797,LONG,0.04223890520405876,-0.06216473723525107,1.6323165252290799,-0.08968515952120185,0.04705524812261541
2024-10-22,6.56,0.4583659667657893,155.74,-0.08985303216683241,50.012903225806454,0.009677419354844119,280100,-0.7469357152650823,0.05876039239837563,LONG,0.04733157723562616,-0.06767020396576165,1.5978362114497817,-0.09066515768687772,0.04836267506132952
2024-10-23,6.54,-0.30534374868902314,157.38,1.0475312957997152,50.02258064516129,0.009677419354837014,279625,-0.16972624557691987,0.13860342150037408,LONG,0.05009242096267186,-0.06835366635686065,1.5319949517432314,-0.09042740543518417,0.048178241208601036
2024-10-24,6.56,0.3053437486890248,156.87,-0.32458262386882886,50.03225806451613,0.009677419354837014,278325,-0.4659924195522673,0.015874943854953243,NEUTRAL,0.0541856644094134,-0.06502664796141215,1.4643518088411969,-0.09212235653803694,0.04921802856920732
2024-10-25,6.58,0.3044142381228273,157.0,0.08283684801590485,50.041935483870965,0.009677419354837014,276775,-0.558459386924051,0.12786881570325043,LONG,0.0502200895005729,-0.06260842941707179,1.5252067249492447,-0.09134709287100787,0.04858285402529716
2024-10-28,6.62,0.6060624611690955,158.38,0.8751403433958299,50.07096774193548,0.009677419354837014,276100,-0.2441782809421735,0.10744852776879377,LONG,0.04577717931049649,-0.06227235615437542,1.6236374904305098,-0.09153248111213173,0.04941329736617839
2024-10-29,6.65,0.4521484718846057,159.08,0.4410011557223514,50.08064516129032,0.009677419354837014,274225,-0.681418163871091,0.032475532104934174,NEUTRAL,0.048431906340908944,-0.06143054509027201,1.5797640961374384,-0.0922110449889443,0.049851511450132224
2024-10-30,6.61,-0.6033200804167809,158.01,-0.674889817608231,50.090322580645164,0.009677419354844119,275300,0.3912474851163761,0.09959123619274114,LONG,0.05490336613895397,-0.07382932806842354,1.4892415492768978,-0.09221162187430887,0.05141794195868177
2024-10-31,6.63,0.30211503341762513,158.74,0.4609321499321971,50.1,0.009677419354837014,271375,-1.4359783950105762,0.07255769683845306,LONG,0.05085481607690395,-0.06213336887631341,1.5802542584964352,-0.0907943992610021,0.04930652820692938
2024-11-01,6.64,0.15071592905713385,158.4,-0.2144164282404041,50.10689655172414,0.006896551724139499,271375,0.0,0.17079629645052372,LONG,0.05144549277559506,-0.059405202497048816,1.5304231418770593,-0.09186908751770442,0.04976713415171419
2024-11-04,6.71,1.0486987495248072,157.4,-0.6333143397022585,50.12758620689655,0.006896551724139499,273850,0.9078883031274502,0.07745888274625755,LONG,0.05613712335777393,-0.053246542243468614,1.4361997677503293,-0.09495109450728852,0.05178464833579677
2024-11-05,6.75,0.5943553900848138,155.89,-0.9639705658713372,50.13448275862069,0.006896551724139499,272975,-0.3200295329600333,0.012042793392479448,NEUTRAL,0.06049470548402145,-0.049113613353813805,1.3470003047918462,-0.0978599731613251,0.05384231178589949
2024-11-06,6.46,-4.3913187089928,159.84,2.5022684575653966,50.14137931034483,0.006896551724139499,272550,-0.15581323898400037,0.14746824075895573,LONG,0.057215304231449736,-0.05180057456750947,1.500505863202638,-0.09364882913788693,0.05054890596132977
2024-11-07,6.63,2.5975486403260737,156.31,-2.233209999286361,50.148275862068964,0.006896551724132394,272525,-0.009173049586760731,-0.04785902226820976,NEUTRAL,0.05982122554743108,-0.05294201975756702,1.4579628218855742,-0.09460032014372341,0.051262910057159994
2024-11-08,6.52,-1.6730428259209607,159.07,1.7503142002889298,50.1551724137931,0.006896551724139499,272400,-0.04587787390649762,0.2313601830106335,LONG,0.050073108453983925,-0.07625637963772068,1.470078354165104,-0.0928909872587628,0.050745830511713885
2024-11-11,6.44,-1.2345835822299267,160.68,1.0070452580812361,50.175862068965515,0.006896551724132394,271875,-0.19291724324087905,-0.03436517269515761,NEUTRAL,0.0451588588578799,-0.0545401655800452,1.736934329309319,-0.08630603310824032,0.04378789223750523
2024-11-12,6.32,-1.8809331957496227,162.0,0.8181525741302589,50.182758620689654,0.006896551724139499,271225,-0.23936671344341512,0.009664271344460601,NEUTRAL,0.049496799317277226,-0.06735601088155506,1.5256811461793478,-0.09058850394073484,0.048198801373001254
2024-11-13,6.28,-0.634922767865878,163.82,1.1171928855071789,50.189655172413794,0.006896551724139499,273100,0.6889293771144968,0.02202407360234461,NEUTRAL,0.044771173860866376,-0.06738280265339382,1.5787433414477143,-0.08979706393516484,0.04762615176234308
2024-11-14,6.31,0.4765696073014425,164.58,0.4628510090111103,50.19655172413793,0.006896551724139499,272200,-0.3300938262293626,-0.10180603702531613,SHORT,0.03639039966047067,-0.08028877740636843,1.7017871074372413,-0.08743254474576773,0.04761393073895026
2024-11-15,6.29,-0.31746058407725425,165.14,0.3396824811715415,50.203448275862065,0.006896551724132394,271875,-0.11946883744171313,0.03464475225089148,NEUTRAL,0.038086322476247596,-0.09428114773444168,1.6329460171755343,-0.087656463601873,0.049237292215145834
2024-11-18,6.35,0.9493742192251143,163.89,-0.7598127913546568,50.224137931034484,0.006896551724139499,271525,-0.12881856768487845,0.029704788896278256,NEUTRAL,0.03459566525793495,-0.08021220463173957,1.745069576391276,-0.08638940457703159,0.046752867355063565
2024-11-19,6.35,0.0,162.88,-0.6181737713578006,50.231034482758616,0.006896551724132394,271975,0.1655934141046542,0.11934147883512884,LONG,0.03561077235756287,-0.08088121262611286,1.6909245168073197,-0.08239944243253992,0.04219415740876553
2024-11-20,6.4,0.7843177461026098,164.38,0.9167087358195933,50.237931034482756,0.006896551724139499,271850,-0.045970671521672904,0.0896508103679032,LONG,0.039140643814346156,-0.08514757577759872,1.6460470311502544,-0.08139140104339905,0.04170462096022931
2024-11-21,6.33,-1.09977542095414,164.16,-0.13392587379491824,50.244827586206895,0.006896551724139499,272625,0.2846780929863552,-0.021907195512554364,NEUTRAL,0.040842161309438255,-0.08452005856871443,1.5919473184675417,-0.08161664974256722,0.041643184062326366
2024-11-22,6.29,-0.6339165443735654,165.63,0.891482298165825,50.251724137931035,0.006896551724139499,272525,-0.03668715073709169,0.042010363799786225,NEUTRAL,0.043925472023341114,-0.0798335869380481,1.5512765116003349,-0.08186562432194944,0.04104268880902329
2024-11-25,6.31,0.31746058407726396,164.3,-0.8062359920840451,50.272413793103446,0.006896551724139499,270975,-0.5703787312608659,-0.013294732440640049,NEUTRAL,0.04605667014776353,-0.08094905855142363,1.420356531325629,-0.08225462642215946,0.04117863175015213
2024-11-26,6.37,0.9463793030950362,165.49,0.7216744987629415,50.279310344827586,0.006896551724139499,269475,-0.5550944034121443,0.16816371409556272,LONG,0.044500556302894984,-0.08301841457254094,1.427543697906389,-0.08220081226346863,0.041206420347303596
2024-11-27,6.37,0.0,163.37,-1.2893202992434691,50.28620689655172,0.006896551724132394,269050,-0.1578385732263492,0.04041758178106442,NEUTRAL,0.043724666148418426,-0.08182794160035776,1.458105176724995,-0.08231060576455514,0.04129475742572308
2024-11-29,6.36,-0.15710922320412124,162.31,-0.6509480121438096,50.3,0.006896551724139499,271000,0.7221584944272167,0.18506324408599195,LONG,0.048832825847135115,-0.0881817926898815,1.3753397565692567,-0.08268410480347069,0.04212236286573301
2024-12-02,6.41,0.783089358054784,165.1,1.7043264009103072,50.28125,-0.006249999999994316,270725,-0.10152753652577906,0.055516967503587554,LONG,0.04870794062098918,-0.08774825912590246,1.3669708188622265,-0.08272133248192531,0.04209118574587367
2024-12-03,6.49,1.24032597834199,164.21,-0.5405254422336185,50.275,-0.006250000000001421,268625,-0.7787190551768565,-0.10565167164113294,SHORT,0.04710568086881291,-0.08941888123096242,1.4009076099311617,-0.08270938467788182,0.04235782171751512
2024-12-04,6.53,0.614441257234099,165.26,0.6373894769292134,50.26875,-0.006250000000001421,268500,-0.04654410137551684,0.15030368916477038,LONG,0.048187761852853464,-0.08584172428323011,1.406921988951645,-0.0828406000003769,0.04201992792303222
2024-12-05,6.51,-0.30674870678618343,164.27,-0.6008575719929669,50.262499999999996,-0.006250000000001421,270525,0.7513601508792982,-0.015143388432159344,NEUTRAL,0.044207657323078166,-0.08371388906162544,1.5677638198970276,-0.08176825778878873,0.04186792534201811
2024-12-06,6.57,0.9174376276041449,165.97,1.0295633579518852,50.25625,-0.006249999999994316,269800,-0.2683571684056918,0.022896715303264998,NEUTRAL,0.045083942090665595,-0.08164676225720197,1.5675106759474924,-0.0817828312052009,0.04146721017795141
2024-12-09,6.61,0.6069821367075774,164.15,-1.10264051850257,50.2375,-0.006250000000001421,269800,0.0,-0.03213431613017921,NEUTRAL,0.04136131349782708,-0.08255470183429786,1.6479396296967486,-0.08123237110577228,0.041556277266741715
2024-12-10,6.71,1.5015297119995434,167.03,1.7392793054254612,50.231249999999996,-0.006250000000001421,268100,-0.6320898531741934,0.12128747868081965,LONG,0.04598238526674861,-0.07716002702953184,1.5639486075907267,-0.0820121118925043,0.04126416440208558
2024-12-11,6.7,-0.14914245866700204,167.65,0.37050359103812774,50.225,-0.006249999999994316,268500,0.14908687070057744,-0.05729758486689763,SHORT,0.043756754828253495,-0.08183821167062971,1.6407476338000326,-0.08153878868492549,0.04183501768666564
2024-12-12,6.65,-0.7490671729157625,167.63,-0.011930326905112105,50.21875,-0.006250000000001421,268425,-0.027936862872014318,-0.00473278374252796,NEUTRAL,0.04529578942035968,-0.07386949178807477,1.652682033049914,-0.08270613249006992,0.04177213208422903
2024-12-13,6.6,-0.7547205635382966,168.27,0.38106625451688547,50.2125,-0.006250000000001421,272825,1.6259018678954351,0.038276683382875556,NEUTRAL,0.045365703846689504,-0.07429785258227627,1.6460358055855697,-0.08276898025512253,0.041821720296900566
2024-12-16,6.58,-0.3034903695153936,167.74,-0.3154670632089796,50.19375,-0.006250000000001421,272625,-0.07333394773603939,-0.12854869911203726,SHORT,0.04548027975617355,-0.07487868743151574,1.6148039789792838,-0.08327852726572285,0.04211868251195294
2024-12-17,6.54,-0.6097579868118557,168.65,0.5410399951393817,50.1875,-0.006250000000001421,272450,-0.06421134926858113,0.06631360987813993,LONG,0.04711994261550749,-0.07192056437095347,1.5482809779083855,-0.08429730484953779,0.042467293398324335
2024-12-18,6.59,0.7616183045308509,171.32,1.570759123951088,50.18125,-0.006250000000001421,272325,-0.045890506059821375,0.0017061457466567148,NEUTRAL,0.05021622241376644,-0.08285997044038089,1.4675683707893676,-0.08554225564804531,0.04424247582144203
2024-12-19,6.52,-1.0678972575854255,173.36,1.1837204480933485,50.175,-0.006250000000001421,272325,0.0,-0.0905467138138473,SHORT,0.04595265869392667,-0.08327742145850806,1.5522036375107409,-0.08739650411598962,0.04604524004681121
2024-12-20,6.56,0.6116227017436053,172.26,-0.6365393867076183,50.16875,-0.006249999999994316,272325,0.0,-0.04755514801355808,NEUTRAL,0.049583313798787165,-0.07422816384308105,1.4836906314983582,-0.08841109170750634,0.045636432351690126
2024-12-23,6.56,0.0,173.37,0.6423075636768886,50.15,-0.006250000000001421,272425,0.03671408944405504,0.08644131911463235,LONG,0.04615770484710856,-0.07837058190320258,1.536375659690989,-0.08819508289873117,0.0460453261299395
2024-12-24,6.6,0.6079046076382193,173.82,0.25922420115177536,50.14375,-0.006250000000001421,272725,0.11006146208705962,-0.01704686575673388,NEUTRAL,0.04660383796826617,-0.07902440748913989,1.545147731264975,-0.08812844900220111,0.04608487356045432
2024-12-26,6.64,0.6042314455962662,173.94,0.06901311523051566,50.13125,-0.006250000000001421,272725,0.0,0.004908057723964153,NEUTRAL,0.04487876854446406,-0.07862840038628773,1.5887493540203255,-0.08775681239136324,0.04593046444629256
2024-12-27,6.63,-0.1507159290571363,173.81,-0.07476635862305095,50.125,-0.006250000000001421,272725,0.0,0.03266912148276243,NEUTRAL,0.04774651755343639,-0.07908124863196961,1.5391604394016953,-0.08820733205059197,0.0461458426259147
2024-12-30,6.58,-0.7570058860545279,173.94,0.07476635862304476,50.10625,-0.006250000000001421,271400,-0.48702140830516777,0.047330053583356825,NEUTRAL,0.05080409257102163,-0.07735344839922535,1.481195944225416,-0.08851628118856615,0.046015231453926386
2024-12-31,6.5,-1.2232568435634408,175.22,0.7331915076598627,50.1,-0.006250000000001421,271400,0.0,0.07582506536133367,LONG,0.04804961821574878,-0.07620830477666556,1.542375736664614,-0.0885240611798993,0.046198435409723015
