Date,HG_Price,HG1_logret,DXY_Price,DXY_logret,PMI,PMI_change,LME_Stocks,STOCKS_logret,Realized_Vol_Daily,Realized_Vol_Ann,Vol_Regime,Forecasted_Return,Signal,Model_Alpha,Model_Beta_DXY,Model_Beta_PMI,Model_Beta_STOCKS,Model_R2
2024-01-02,5.73,0.5249355886143745,150.99,1.6561313413524532,49.0,-0.3999999999999986,165700,-0.9609683560261102,0.8866859859844478,14.075703659525713,NORMAL,-0.07476955945160872,NEUTRAL,-0.004749541848915675,-0.08341520236475437,-0.01998069823774691,-0.07609240518361601,0.038855553951926414
2024-01-03,5.75,0.3484324082610843,152.67,1.1065119812472606,49.0,-0.3999999999999986,165700,0.0,0.7732471697906921,12.274918279504247,NORMAL,-0.06132707930510725,NEUTRAL,-0.0037311862137087825,-0.08352002784550475,-0.019008607307453296,-0.07609074666471484,0.038877097895712365
2024-01-04,5.73,-0.34843240826108113,152.62,-0.032755740736375855,49.0,-0.3999999999999986,164450,-0.7572351797451247,0.7686650370602948,12.202179177430722,NORMAL,-0.08534590120725287,NEUTRAL,-0.000805011681411243,-0.08304097296873328,-0.01836235499622918,-0.07629425577442674,0.038964151871567876
2024-01-05,5.65,-1.4059985568298599,152.05,-0.37417577381134204,49.0,-0.3999999999999986,163175,-0.7783328113784874,0.7518968600270486,11.935992619211477,NORMAL,0.06839338846188216,NEUTRAL,0.000589080923576667,-0.08232049790156466,-0.018286926550226887,-0.07632116095175889,0.03886555597660235
2024-01-08,5.68,0.5295687574710283,152.29,0.1577183740225833,49.0,-0.3999999999999986,161725,-0.8925882591232022,0.6875638522898804,10.91473778181943,NORMAL,0.09445235991050589,NEUTRAL,-0.0027830621168996594,-0.0818558711241569,-0.018450943062920305,-0.07609413353454772,0.03867931619442588
2024-01-09,5.62,-1.0619568827460262,153.46,0.7653348885919873,49.0,-0.3999999999999986,160550,-0.7291941394526227,0.6697376510257377,10.631755609623989,NORMAL,0.055549647060299204,NEUTRAL,-0.006342582424185537,-0.08167770850046543,-0.01785045416928721,-0.07577303701237506,0.038285305767481126
2024-01-10,5.65,0.5323881252750017,152.86,-0.39174769347811567,49.0,-0.3999999999999986,158900,-1.0330346992852655,0.6552416380765242,10.401638538030445,NORMAL,-0.005663920268234126,NEUTRAL,-0.006243945360507935,-0.08106355790717115,-0.018220422603233172,-0.0758818840100272,0.038274907285184456
2024-01-11,5.67,0.35335725813110447,153.58,0.4699134087659506,49.0,-0.3999999999999986,157325,-0.9961344129673042,0.6603560709965042,10.482827643650777,NORMAL,0.11433046760395145,NEUTRAL,-0.004236736597493022,-0.08337256815226388,-0.01718701686829681,-0.07650409636366476,0.03921039879166466
2024-01-12,5.58,-1.6000341346441076,152.85,-0.47645555655540467,49.0,-0.3999999999999986,155825,-0.958014671808296,0.740816511398136,11.760097537739487,NORMAL,0.03979628673916495,NEUTRAL,-0.003841670130729856,-0.08415143379400293,-0.01738805301890338,-0.07652242687003483,0.0393678170434667
2024-01-16,5.71,2.303024727469933,156.64,2.449313044535674,49.0,-0.3999999999999986,154725,-0.7084235069489117,0.8871398144793561,14.082907963538124,NORMAL,0.11451347174960785,NEUTRAL,-0.005254365541710276,-0.08291114349172936,-0.01784041267782785,-0.07633306603244114,0.03903126564637016
2024-01-17,5.72,0.17497817237875507,158.39,1.111016729212868,49.0,-0.3999999999999986,154075,-0.42098507771184107,0.8867970598419304,14.07746690235007,NORMAL,-0.1445685367524327,NEUTRAL,-0.006335821788149435,-0.0812362493889803,-0.016857719474746263,-0.07622164148103984,0.038598575909759125
2024-01-18,5.71,-0.1749781723787595,157.94,-0.2845132004893912,49.0,-0.3999999999999986,157325,2.087423256469043,0.8748356610286583,13.887585582795783,NORMAL,-0.04343102855506866,NEUTRAL,-0.004629183389873441,-0.07097766148772036,-0.01898406856713479,-0.07710937617469632,0.03761956588647486
2024-01-19,5.75,0.698083114134014,156.87,-0.6797777201285954,49.0,-0.3999999999999986,157875,0.34898512576578367,0.8891567379358758,14.114925630814549,NORMAL,-0.1433189233412887,NEUTRAL,-0.008326685231746657,-0.06492658278500428,-0.02001040589383052,-0.07735320080950235,0.03713365575457028
2024-01-22,5.71,-0.6980831141340205,156.8,-0.044632895184143,49.0,-0.3999999999999986,156750,-0.7151401157625128,0.901037481298775,14.303526584787424,NORMAL,0.019623387262239216,NEUTRAL,-0.00601733039773651,-0.06592353948205747,-0.01961284144550056,-0.07741811984353032,0.03738598785409997
2024-01-23,5.78,1.2184659016367219,157.84,0.6610753798052347,49.0,-0.3999999999999986,159575,1.786185162909087,0.9448836029847607,14.999562188402189,NORMAL,0.06362070413528685,NEUTRAL,-0.0016355129758465741,-0.06385803005809258,-0.019367693568052513,-0.07643113526554726,0.036298799780031366
2024-01-24,5.88,1.7153079226249492,156.34,-0.9548738922175485,49.0,-0.3999999999999986,157725,-1.1661020885247846,1.0090378371959798,16.017979084050257,NORMAL,-0.17762704369032617,SHORT,-0.004232910991536906,-0.06454633970788051,-0.01937866288661784,-0.07752589411866012,0.03657973051486452
2024-01-25,5.88,0.0,157.37,0.6566597820588729,49.0,-0.3999999999999986,155175,-1.6299497957156743,1.0071075565000354,15.98733682795815,NORMAL,0.15360208304482736,NEUTRAL,-0.005042555881121565,-0.061037713345120925,-0.020891545027749397,-0.07889935444445359,0.03723296849307056
2024-01-26,5.84,-0.6825965070399871,156.94,-0.2736153913445911,49.0,-0.3999999999999986,151350,-2.495847683198878,1.0068895589628246,15.983876224338845,NORMAL,0.09212442307860351,NEUTRAL,-0.005394552035926231,-0.061804099125702,-0.02207442057146128,-0.07931132203456158,0.0377480580829076
2024-01-29,5.88,0.6825965070399891,157.16,0.1400827990931744,49.0,-0.3999999999999986,150350,-0.6629126033189571,0.9817426347352557,15.58468117787285,NORMAL,0.21819140263422818,LONG,-0.005250347678201338,-0.06169577839252429,-0.02198071899515444,-0.07923902948745337,0.03766544832356611
2024-01-30,5.94,1.0152371464018128,157.13,-0.019090648821859388,49.0,-0.3999999999999986,148475,-1.254931553261416,0.9934160237879676,15.769990484217526,NORMAL,0.04830782032378334,NEUTRAL,-0.004715001273796253,-0.05866931861616563,-0.021450620653293853,-0.07943903230267325,0.037508053167305655
2024-01-31,5.91,-0.5063301956546762,156.23,-0.5744207778228655,49.2,0.20000000000000284,146475,-1.3561828471071595,1.0027224648500628,15.91772565606583,NORMAL,0.10567968683271096,NEUTRAL,-0.003943746208941353,-0.058385695903821,-0.021805098713254298,-0.07951570942677877,0.0375201938179357
2024-02-01,5.89,-0.338983375451154,157.42,0.7588112290492379,49.2,0.20000000000000284,145425,-0.7194275634027085,1.007500602596335,15.993576241305709,NORMAL,0.1318282764094714,NEUTRAL,-0.004175880187696148,-0.05806059351834845,-0.022403001239412218,-0.07899638738530507,0.036989004988167484
2024-02-02,5.86,-0.5106394074574028,159.41,1.2562106931251193,49.2,0.20000000000000284,140225,-3.6412214402424627,1.012114630330354,16.066821660865127,NORMAL,0.00659822493907993,NEUTRAL,-0.004277821807258539,-0.05482201252862929,-0.02261511692733212,-0.07922775236469662,0.03680795282570826
2024-02-05,5.83,-0.5132603226520314,161.38,1.2282332774805187,49.2,0.20000000000000284,139425,-0.5721453118783196,0.959978674844956,15.239189025390544,NORMAL,0.21845318639377287,LONG,-0.0013218535433138414,-0.05290315312197126,-0.022363968222736688,-0.07983731421018228,0.03720447972695984
2024-02-06,5.8,-0.5159082810027448,160.0,-0.8588017186533504,49.2,0.20000000000000284,138800,-0.4492774202913331,0.967051026076948,15.351459120656658,NORMAL,-0.028857767910653497,NEUTRAL,-0.001473116780256174,-0.05567883554885052,-0.02249413378528506,-0.07952660513768234,0.03722334585007925
2024-02-07,5.72,-1.388911216066715,159.36,-0.4008021397538711,49.2,0.20000000000000284,137850,-0.6867910602898417,0.9902923107575208,15.720403077143363,NORMAL,0.0727620583783183,NEUTRAL,-0.0050636800051926355,-0.05447233495915697,-0.022415263759563597,-0.07907776943341768,0.03674176919488992
2024-02-08,5.71,-0.1749781723787595,160.59,0.7688739237111463,49.2,0.20000000000000284,136825,-0.7463400439823911,0.9862160391011944,15.655694270669477,NORMAL,0.06212840582148108,NEUTRAL,-0.008508370152214876,-0.05279709236595016,-0.022412192321774924,-0.07856541816695149,0.036136533307969176
2024-02-09,5.65,-1.056347850956926,159.67,-0.5745347721789738,49.2,0.20000000000000284,136825,0.0,1.0136016902141143,16.090428004687666,NORMAL,0.004465861899980933,NEUTRAL,-0.008893405274778844,-0.053459708572516626,-0.023122523137476994,-0.07916974061525044,0.036596788093727683
2024-02-12,5.7,0.8810629682154906,159.51,-0.1002569167253193,49.2,0.20000000000000284,136300,-0.3844398327494908,0.960165043073848,15.242147529306136,NORMAL,0.015733239862493944,NEUTRAL,-0.012705648711183987,-0.05736905132226996,-0.022608131289431135,-0.0788441896545165,0.036926466076751985
2024-02-13,5.74,0.6993035490970604,162.46,1.832520143845101,49.2,0.20000000000000284,135450,-0.6255770171382796,0.8244346679145679,13.08749462113241,NORMAL,0.020534748955656386,NEUTRAL,-0.011379020775953064,-0.05850397522643128,-0.02333120017255018,-0.0798943787226059,0.037921020521343496
2024-02-14,5.7,-0.6993035490970637,161.46,-0.6174383655938394,49.2,0.20000000000000284,133825,-1.2069592251659182,0.8391775915252656,13.321531277963983,NORMAL,-0.0713923319987062,NEUTRAL,-0.009335736863505271,-0.058647680593572685,-0.023109802756460407,-0.07998762761859253,0.03797815731285015
2024-02-15,5.77,1.2205905679503546,160.02,-0.8958626544891571,49.2,0.20000000000000284,132525,-0.9761669405575201,0.8823081738025709,14.00620804560694,NORMAL,0.11164376749366389,NEUTRAL,-0.012184467297514117,-0.05413646966075847,-0.022537591730469694,-0.0786354814744183,0.036370066516650645
2024-02-16,5.88,1.888468139052742,159.8,-0.13757740898036305,49.2,0.20000000000000284,130675,-1.4057982274884269,0.9644904841637196,15.310811777912898,NORMAL,0.1048902256635226,NEUTRAL,-0.014543722671538136,-0.05304575807191372,-0.022724461073511282,-0.07832382324933243,0.03596785346710796
2024-02-20,5.89,0.16992357529598429,158.45,-0.8483947195244695,49.2,0.20000000000000284,125925,-3.7026832967271335,0.9454717214222468,15.008898279164429,NORMAL,0.1084726889822733,NEUTRAL,-0.0069619020314356,-0.048730031637704674,-0.023482651961915568,-0.0806850995370026,0.03766760974234773
2024-02-21,5.92,0.5080451232418913,158.95,0.3150601219881872,49.2,0.20000000000000284,124075,-1.480027015820966,0.9163177932442171,14.546094016966201,NORMAL,0.33275264959807394,LONG,-0.004605850239072057,-0.05022305929865129,-0.02279275149201239,-0.08083545035914147,0.0378010702779209
2024-02-22,5.95,0.5054770661624054,158.83,-0.0755239509747856,49.2,0.20000000000000284,122775,-1.053280954819621,0.8423874254469038,13.372485811802825,NORMAL,0.09403834892170543,NEUTRAL,-0.00503890778486777,-0.05000472452239091,-0.022816570019553076,-0.08067086887077261,0.03768405383411544
2024-02-23,5.91,-0.6745388139531538,158.43,-0.25215924601121625,49.2,0.20000000000000284,122900,0.10176046466807466,0.8582355034320168,13.624066250444626,NORMAL,0.08009267756055756,NEUTRAL,-0.004618941946673534,-0.04945965799860843,-0.022774430566202097,-0.08120446538331513,0.037748943257999934
2024-02-26,5.86,-0.8496227829085533,158.77,0.21437587024687785,49.2,0.20000000000000284,127825,3.929112439407377,0.8662630414882254,13.751499466465633,NORMAL,-0.002206706006117544,NEUTRAL,-0.0019054039194156686,-0.049874794891232636,-0.02286285551048567,-0.08161442350358614,0.038153438883462454
2024-02-27,5.88,0.34071583216141343,158.6,-0.10713048886726809,49.2,0.20000000000000284,126525,-1.0222223865921218,0.855748822302654,13.584591411295358,NORMAL,-0.3397569242515082,SHORT,-0.0038860218926875974,-0.0498347175563878,-0.02299845893794636,-0.08159294358980654,0.038118361981838156
2024-02-28,5.91,0.5089069507471228,160.11,0.9475769813215583,49.2,0.20000000000000284,124825,-1.352716071346866,0.8312728413421591,13.196047259000428,NORMAL,0.08157431261327923,NEUTRAL,-0.0029568024760184674,-0.05090200892347918,-0.02331780842439203,-0.08192103868225262,0.038673252842888584
2024-02-29,5.91,0.0,159.96,-0.09372950353455306,49.1,-0.10000000000000142,122675,-1.7374174410705834,0.8235265772283741,13.073079128391035,NORMAL,0.05717754047312472,NEUTRAL,-0.0007935049583869935,-0.05100768356078965,-0.02340918933042123,-0.08204721778741621,0.03883033022649818
2024-03-01,5.91,0.0,158.98,-0.6145375833651132,49.1,-0.10000000000000142,121375,-1.065365536447807,0.8196619723479812,13.011730427816758,NORMAL,0.1474026614412669,NEUTRAL,-0.0029018421963291022,-0.05757190778243047,-0.022643976969699997,-0.08210112102866056,0.03972276594136581
2024-03-04,5.92,0.1690617477907452,159.28,0.18852516109742432,49.1,-0.10000000000000142,116775,-3.8635920223317273,0.8106773671072592,12.86910424124653,NORMAL,0.1269469368915202,NEUTRAL,-0.0005965391765430962,-0.06197848705001636,-0.022589712018684593,-0.08184645760607782,0.04015096532261031
2024-03-05,5.9,-0.33840979842404567,159.19,-0.056520238889633714,49.1,-0.10000000000000142,114075,-2.339287957470546,0.8051970246764069,12.782106502217466,NORMAL,0.3116088142139482,LONG,0.001939049556020869,-0.06239976904708759,-0.02245802364665067,-0.08261428405493822,0.04089694724651971
2024-03-06,5.9,0.0,157.39,-1.1371655803535006,49.1,-0.10000000000000142,113775,-0.26333129107606573,0.7939726177973996,12.603924566921132,NORMAL,0.19377987321458054,LONG,-0.0043907190523404215,-0.0655118467393677,-0.022734181475814103,-0.08215937173435789,0.041531058771718365
2024-03-07,5.93,0.5071862097960128,155.4,-1.2724363629962403,49.1,-0.10000000000000142,113525,-0.21997369186908608,0.7182484154785207,11.401840121534166,NORMAL,0.09001807178924143,NEUTRAL,-0.008463458339499,-0.06573674251789238,-0.022822366470684266,-0.08144012220548998,0.04109182569615766
2024-03-08,5.86,-1.187460942071274,154.7,-0.45146803545266945,49.1,-0.10000000000000142,112800,-0.6406737920056327,0.7778167755520712,12.347458522109548,NORMAL,0.09056729272555668,NEUTRAL,-0.011581839354644421,-0.0644385053789759,-0.02307993214853947,-0.08113352688843747,0.040761552186923344
2024-03-11,5.95,1.5241615968617042,155.67,0.6250624468737498,49.1,-0.10000000000000142,110850,-1.7438403001638025,0.7847253983719812,12.457129509410114,NORMAL,0.06749582289095046,NEUTRAL,-0.01624532748978711,-0.0674022456755377,-0.0231649550236121,-0.07959541356999167,0.0402345287981718
2024-03-12,5.96,0.1679261519719994,156.01,0.21817257114001673,49.1,-0.10000000000000142,110900,0.045095829400090895,0.7710392931500427,12.239869324404244,NORMAL,0.09054314376263001,NEUTRAL,-0.011341687382715633,-0.061418811640009716,-0.02266461979363789,-0.07914082604972529,0.03966016974576403
2024-03-13,6.13,2.8124268870861626,155.2,-0.5205500010039733,49.1,-0.10000000000000142,108925,-1.796932235281559,0.9610969956131481,15.256941817222355,NORMAL,-0.023499432668847863,NEUTRAL,-0.009059605493799411,-0.060229630978443575,-0.02296556215844625,-0.07973974510167066,0.039932455550580115
2024-03-14,6.14,0.162999221093097,156.96,1.1276388067934757,49.1,-0.10000000000000142,108050,-0.8065489050610825,0.9314382448203232,14.786123744454429,NORMAL,0.1751970498774333,LONG,-0.0016818217496042814,-0.07076849783674327,-0.021328168971614825,-0.07674608446673066,0.039445143795560966
2024-03-15,6.28,2.254523832105622,157.46,0.31804619392682393,49.1,-0.10000000000000142,107300,-0.6965433316242227,1.0066812171773591,15.980568901026576,NORMAL,-0.015410239222522099,NEUTRAL,0.001451764767862301,-0.07255253065094848,-0.02177242620456453,-0.0778301254745212,0.04039341538250374
2024-03-18,6.3,0.31796529173795846,157.9,0.2790463505275237,49.1,-0.10000000000000142,106825,-0.4436668106564172,0.9458046803115869,15.014183837672443,NORMAL,0.03462103611151646,NEUTRAL,0.0011710344771930581,-0.07274790978459572,-0.021875745316027054,-0.07809940955000237,0.04052798934960833
2024-03-19,6.24,-0.9569451016150673,159.02,0.7068059211741076,49.1,-0.10000000000000142,106700,-0.11708232223809215,0.9893437667168509,15.705345407308133,NORMAL,0.02347123073041541,NEUTRAL,0.006466408120528603,-0.0709807286661663,-0.022003697468753775,-0.07801206969680924,0.039684792251180934
2024-03-20,6.21,-0.48192864359489945,158.4,-0.39065010930119426,49.1,-0.10000000000000142,112325,5.137529664851596,1.0024658529223505,15.91365206800075,NORMAL,-0.03206555430535243,NEUTRAL,0.006759634871813132,-0.07097505054575531,-0.022049581952234443,-0.07802577224600199,0.03969370985913845
2024-03-21,6.18,-0.4842624475788015,158.31,-0.05683432946393346,49.1,-0.10000000000000142,111325,-0.8942603748457574,1.01299917460802,16.080863365959104,NORMAL,-0.36832206014520774,SHORT,0.002877164829953199,-0.06992509121459173,-0.02222223006871285,-0.07800202016341726,0.03952169719658216
2024-03-22,6.15,-0.4866189651172788,160.17,1.1680615094518336,49.1,-0.10000000000000142,113850,2.2427941301982557,1.0054047752798811,15.960306014084075,NORMAL,0.0784030729220697,NEUTRAL,0.0023354375257866712,-0.06921727462562213,-0.02230715347387123,-0.07816851179421275,0.039690076524855566
2024-03-25,6.14,-0.16273396593754824,159.74,-0.26882576909615424,49.1,-0.10000000000000142,117900,3.4955015033576635,0.9790850846470667,15.542493878092575,NORMAL,-0.25495060261915514,SHORT,-0.0004022502496216435,-0.06911432247744892,-0.022480999178478456,-0.07850326968443952,0.03994364555011631
2024-03-26,6.13,-0.16299922109310644,159.46,-0.17543864148934732,49.1,-0.10000000000000142,117400,-0.42499001493291516,0.9826507968042795,15.599097803781524,NORMAL,-0.2528077001669535,SHORT,0.0005789667263038844,-0.06953100167232938,-0.022314353759571928,-0.07847509921146123,0.040069743064555685
2024-03-27,6.13,0.0,159.94,0.30056378293943453,49.1,-0.10000000000000142,113100,-3.731452427192127,0.9810416643674286,15.573553618254675,NORMAL,0.049545133505070865,NEUTRAL,0.0017525447415049954,-0.06983084960801202,-0.022203978142952968,-0.07840457514102712,0.04013618646048833
2024-03-28,6.14,0.162999221093097,160.25,0.19363508970355936,50.8,1.6999999999999957,112475,-0.5541408394838745,0.9801202411069279,15.558926477457582,NORMAL,0.27381328523804566,LONG,-0.00015909457589466987,-0.06896561388300533,-0.022362517093675247,-0.07837824536491958,0.040016234698650344
2024-04-01,6.24,1.6155440222285207,161.75,0.9316837580230539,50.8,1.6999999999999957,112475,0.0,1.0289177836998917,16.33356345120997,NORMAL,-0.007115970376016301,NEUTRAL,0.0006998906209312872,-0.06912731464941343,-0.022146263925017354,-0.07799147503537288,0.03981934006713206
2024-04-02,6.25,0.16012813669738277,160.9,-0.5268879382672398,50.8,1.6999999999999957,111925,-0.490197060020678,1.0289666119434935,16.334338575547125,NORMAL,-0.0981991139327442,NEUTRAL,0.002960138182565507,-0.06909026961480344,-0.02164057063397866,-0.0780356082649137,0.03988341650858307
2024-04-03,6.41,2.5277807184268606,159.26,-1.0244967169038823,50.8,1.6999999999999957,112975,0.9337551170314138,1.1338409285690492,17.999166739801527,NORMAL,0.04723976938142893,NEUTRAL,0.0044909410243274194,-0.06786331952499211,-0.018369085793444165,-0.07796845965549094,0.0394894488439641
2024-04-04,6.42,0.15588467692910996,157.33,-1.2192576576966763,50.8,1.6999999999999957,112525,-0.39911361183470406,1.1313744696541255,17.96001291835445,NORMAL,-0.02860600371954085,NEUTRAL,0.005016416039140407,-0.06822193950908148,-0.0180903702336897,-0.07792401035573676,0.039501000851440926
2024-04-05,6.45,0.4662013105811371,158.71,0.8733127267135316,50.8,1.6999999999999957,115525,2.63115375773337,1.1312497898340041,17.958033687569156,NORMAL,0.10641527329819928,NEUTRAL,0.00940298184444065,-0.07193867634359274,-0.01284096269309766,-0.07799820675730094,0.03939377814973466
2024-04-08,6.48,0.4640379556502301,157.78,-0.5876979852523723,50.8,1.6999999999999957,114275,-1.087913253852203,1.0661171161587448,16.924084546952397,NORMAL,-0.28273638295707737,SHORT,0.008270337292687627,-0.07263248396423996,-0.012295639025979077,-0.07854853053698153,0.039844306847949595
2024-04-09,6.47,-0.15444018513742472,157.25,-0.3364762086393654,50.8,1.6999999999999957,124225,8.34866132705762,1.0473925377757727,16.626841080117117,NORMAL,0.11832390036727294,NEUTRAL,0.011415602639557224,-0.07127769516880254,-0.011384991360399069,-0.07755491984080422,0.038847340039460776
2024-04-10,6.56,1.3814494443188514,161.27,2.5243083411874396,50.8,1.6999999999999957,123475,-0.6055731061695698,1.067052352296275,16.93893096037455,NORMAL,-0.6332573025956166,SHORT,0.009572473598809961,-0.0708569251062021,-0.00976525473450758,-0.07786523937131024,0.039128565044653896
2024-04-11,6.53,-0.45836596676579283,161.54,0.16728110217257777,50.8,1.6999999999999957,124850,1.1074310299093715,0.9329131592049845,14.809537284455983,NORMAL,-0.13932254118650997,NEUTRAL,0.012015319181420087,-0.07216520923993454,-0.009176620878838887,-0.07667056921943069,0.03882599593635305
2024-04-12,6.58,0.7627802048886068,163.89,1.4442681061585732,50.8,1.6999999999999957,124425,-0.3409891981164353,0.9373634808139936,14.88018394984615,NORMAL,-0.09270822809461494,NEUTRAL,0.014887891516102914,-0.06653350475717794,-0.006555578936306455,-0.07704483178405629,0.03823828049502942
2024-04-15,6.78,2.994235661507832,164.47,0.3532711677441695,50.8,1.6999999999999957,123475,-0.7664418317929385,1.0269426221622824,16.302208733843802,NORMAL,-0.06902696179904338,NEUTRAL,0.013138267539386926,-0.06713591616458159,-0.006930097204089561,-0.07794439985071729,0.038716522569986256
2024-04-16,6.72,-0.8888947417246152,166.0,0.9259605603365667,50.8,1.6999999999999957,123875,0.32342862234636305,1.0656937188366185,16.917363322831697,NORMAL,0.041783006313869706,NEUTRAL,0.012813483217549711,-0.06584980267581188,-0.0046935307761853395,-0.07855959787840615,0.03902926120431094
2024-04-17,6.76,0.5934735519814527,165.01,-0.5981710231829666,50.8,1.6999999999999957,123775,-0.08075914026653577,1.023256378427065,16.243691428671674,NORMAL,-0.0635263435094561,NEUTRAL,0.02145083820473084,-0.06391576642748485,-0.0002414789892396102,-0.07848157764392756,0.03839385107344129
2024-04-18,6.9,2.0498521548340967,164.98,-0.018182369212797422,50.8,1.6999999999999957,122925,-0.6890987949483695,1.0641689551999727,16.89315845048738,NORMAL,0.061352566990435876,NEUTRAL,0.018532578618269797,-0.06454664333501482,-0.001245686657909209,-0.07835303821952558,0.03833562916715849
2024-04-19,7.0,1.4388737452099452,165.3,0.1937750394392916,50.8,1.6999999999999957,122125,-0.6529302935056218,1.0548473180914781,16.745182048880974,NORMAL,0.07409024843755505,NEUTRAL,0.017033299179482625,-0.06607570487650906,0.0008242956500053716,-0.07902239009877057,0.039140423092570154
2024-04-22,6.95,-0.7168489478612516,164.82,-0.29080354917410806,50.8,1.6999999999999957,121200,-0.7603036727732712,1.068757921191135,16.966006027212675,NORMAL,0.06740580577052266,NEUTRAL,0.020070879886428753,-0.06668247179433082,0.004886366139446943,-0.07956362657025766,0.03947788030297683
2024-04-23,6.85,-1.4493007302566865,163.17,-1.0061367232258434,50.8,1.6999999999999957,120600,-0.49627893421290137,1.1531921602968356,18.306358020088563,NORMAL,0.11565942955156139,NEUTRAL,0.017822511919869725,-0.07131450314459846,0.009812418391335814,-0.07946469010731774,0.04041042467625311
2024-04-24,6.86,0.14587894636600882,163.02,-0.09197094366675623,50.8,1.6999999999999957,120225,-0.3114297129358781,1.1452222509949586,18.17983963218152,NORMAL,0.14176372950612087,NEUTRAL,0.019116862386461903,-0.07145875860623901,0.007402626217905384,-0.07690256162067788,0.037941922280811724
2024-04-25,6.98,1.7341475036487173,162.47,-0.33795233246524836,50.8,1.6999999999999957,120400,0.14545457109943616,1.1658499097572137,18.507293563468096,NORMAL,0.055766304447705285,NEUTRAL,0.020321030571554634,-0.07503022385802784,0.0034760972287761482,-0.07268191555036667,0.034855975592142485
2024-04-26,7.01,0.4288784272217499,162.32,-0.09236738240997251,50.8,1.6999999999999957,118550,-1.5484720363306124,1.161521062031241,18.438575236189752,NORMAL,0.041353253987610555,NEUTRAL,0.016454719721019896,-0.0779204956353326,0.005418224789479162,-0.0731902823119597,0.035888651213112244
2024-04-29,7.13,1.6973533379705967,160.98,-0.8289561851971596,50.8,1.6999999999999957,117500,-0.8896478927200793,1.1651920026176976,18.496849611406496,NORMAL,0.15440485275222454,NEUTRAL,0.020131740012535357,-0.07841844906463162,0.008455776284682422,-0.07275235428205468,0.0351319645571454
2024-04-30,7.03,-1.4124528603630977,163.58,1.6022033641240434,50.4,-0.3999999999999986,116125,-1.1771136450211053,1.2510678797884487,19.860086899086514,NORMAL,0.16305889964563192,LONG,0.022892866046927748,-0.07472560562606181,0.007754715683945854,-0.07310618559530783,0.0348883105755311
2024-05-01,7.0,-0.42765567672603044,162.94,-0.39201324243323826,50.4,-0.3999999999999986,117375,1.070674039442445,1.1825591759288083,18.772544940750638,NORMAL,-0.01568244202280357,NEUTRAL,0.025724006341660915,-0.07697613931417509,0.0107202272777017,-0.07324107767990641,0.035328799995141824
2024-05-02,6.86,-2.0202707317519355,161.09,-1.1418819872621504,50.4,-0.3999999999999986,115275,-1.8053359435657765,1.303982019017329,20.700072818518503,NORMAL,-0.035179105618784984,NEUTRAL,0.019410194628615526,-0.08314364843202253,0.012806747929719184,-0.07664331931295551,0.038225148458608915
2024-05-03,6.89,0.43636432877732717,158.9,-1.3688141467203876,50.4,-0.3999999999999986,111300,-3.5091319811270063,1.3038367955507257,20.697767467455524,NORMAL,0.24661349463428478,LONG,0.0191689950483376,-0.08242891155924736,0.012727801668034,-0.076668019272164,0.038070173640190275
2024-05-06,6.96,1.0108389320761058,158.53,-0.2331223687533867,50.4,-0.3999999999999986,111300,0.0,1.3125004816864732,20.835299221169358,NORMAL,0.3849436919217066,LONG,0.016656012496664988,-0.08026995587471995,0.011660843533587914,-0.07496935626685887,0.03620247225833895
2024-05-07,6.96,0.0,159.23,0.4405848013198221,50.4,-0.3999999999999986,107350,-3.6134733956709115,1.309782767414855,20.792156844585964,NORMAL,0.036168468689639285,NEUTRAL,0.02121486749955096,-0.0745847860585547,0.006084452022116327,-0.07531758919527308,0.03582094924166146
2024-05-08,6.91,-0.7209836566749755,160.51,0.8006548056791679,50.4,-0.3999999999999986,106000,-1.2655430212722922,1.3082800602603315,20.768302108040604,NORMAL,0.26134586192857806,LONG,0.024405647345499003,-0.0757014826000337,0.0042731503084944555,-0.0752744984101166,0.0358876873030336
2024-05-09,6.94,0.4332136739134737,159.27,-0.7755370661436453,50.4,-0.3999999999999986,104375,-1.54489109410476,1.2976645444494932,20.59978601879569,NORMAL,0.05511491772298045,NEUTRAL,0.02256232335308236,-0.07474652507631659,0.005912490632978787,-0.07487991600474535,0.03551844475489341
2024-05-10,7.06,1.7143276986437437,159.47,0.12549414961908964,50.4,-0.3999999999999986,103450,-0.8901778979467506,1.3323327894263135,21.150127346394072,NORMAL,0.1919906911030133,LONG,0.02200751313419415,-0.0751822132894974,0.005411022797313557,-0.07368868550115569,0.033945955306369124
2024-05-13,7.2,1.9635974516858934,158.93,-0.33919630511525567,50.4,-0.3999999999999986,103100,-0.3389013168637758,1.241602001924882,19.70982074647906,NORMAL,0.0763501392004243,NEUTRAL,0.022336839859611074,-0.07550388756702806,0.0054711564489631145,-0.07377969980500092,0.03407951121597075
2024-05-14,7.39,2.604670893810069,158.52,-0.258308538649396,50.4,-0.3999999999999986,104750,1.587716777933285,1.3093608649038373,20.785459349855962,NORMAL,0.0742038313365291,NEUTRAL,0.025443030109194013,-0.0752944454575351,0.00474570283255054,-0.07412035131027309,0.034165511529454795
2024-05-15,7.39,0.0,156.57,-1.237757399880278,50.4,-0.3999999999999986,104625,-0.11940299926076894,1.3132584022451668,20.847330837040438,NORMAL,-0.06959213362904694,NEUTRAL,0.030002334422938554,-0.07566600374399154,0.0028578177877772865,-0.0743183654851967,0.034199634066908846
2024-05-16,7.3,-1.2253386805764888,156.46,-0.07028080664969014,50.4,-0.3999999999999986,104425,-0.19134184264003473,1.3068619703128008,20.74579062801328,NORMAL,0.13525110833063753,NEUTRAL,0.03378729611753793,-0.07590388847562993,0.003330431133036424,-0.0740800907906683,0.0336867604647213
2024-05-17,7.55,3.3673215106587806,156.16,-0.19192635921523282,50.4,-0.3999999999999986,103650,-0.7449271501450463,1.4590135455550595,23.161122006079772,NORMAL,0.05403056659991339,NEUTRAL,0.03523316777754757,-0.07215754160794004,0.0011372463916768105,-0.07411346600048278,0.03313574386928364
2024-05-20,7.61,0.7915608612661218,156.64,0.3069056117417747,50.4,-0.3999999999999986,105900,2.147541372557218,1.4382683117724537,22.83180162920775,NORMAL,0.09670956023510134,NEUTRAL,0.02988186635553022,-0.07078919615247116,0.00495549242124884,-0.07413285735122044,0.032984755185719195
2024-05-21,7.65,0.5242475964850044,156.9,0.1658480956786723,50.4,-0.3999999999999986,108200,2.148611380502035,1.3667649933558108,21.696721638529937,NORMAL,-0.14680108023089367,NEUTRAL,0.03667899752327722,-0.07159753365293679,0.002869960260824103,-0.0746706959102423,0.03303038125925195
2024-05-22,7.3,-4.683129968409909,158.01,0.7049662424420604,50.4,-0.3999999999999986,110250,1.8769147914574191,1.8001655163091963,28.576741649449932,NORMAL,-0.1334651809382594,NEUTRAL,0.03861991156686828,-0.0712084206895893,0.0023557129497060875,-0.07415627963413376,0.03259462925979972
2024-05-23,7.23,-0.963531198367203,158.63,0.39161242569561666,50.4,-0.3999999999999986,110025,-0.20429016298002933,1.78893729873085,28.398499221176962,NORMAL,-0.14296992735250497,NEUTRAL,0.04303383483713326,-0.07030819667333396,-0.0014840657020922104,-0.07300943221955865,0.03168464632863144
2024-05-24,7.17,-0.833338155914441,157.97,-0.4169304839358011,50.4,-0.3999999999999986,112675,2.379995587955686,1.8017632924924925,28.602105560040393,NORMAL,0.015290186368300894,NEUTRAL,0.030098111077239784,-0.07134527787571755,0.005299847533279209,-0.07465710248956678,0.03231745776570372
2024-05-28,7.29,1.659789140903783,157.0,-0.6159336232697747,50.4,-0.3999999999999986,114750,1.8248280363942584,1.8000433742835873,28.574802704903586,NORMAL,-0.12182189062444174,NEUTRAL,0.02803615760792063,-0.0720476141001495,0.006027465973055042,-0.07457404936148991,0.03231181707978037
2024-05-29,7.24,-0.6882339622941789,158.02,0.6475801946279226,50.4,-0.3999999999999986,117300,2.197890671877517,1.7748930905646585,28.17555432816557,NORMAL,-0.07039166280206384,NEUTRAL,0.025766836252214875,-0.07045023748613835,0.0072460615307707935,-0.0748852723388888,0.032269720019086345
2024-05-30,7.01,-3.228350535112633,157.65,-0.23442213035174114,50.4,-0.3999999999999986,118125,0.7008630154476975,1.9266305184137675,30.584311320181666,NORMAL,-0.18087302731522814,SHORT,0.03054177980417791,-0.07204445354789309,0.004985928727720121,-0.07405549168597665,0.03175557335425372
2024-05-31,6.92,-1.292193141692045,157.39,-0.16505844275604223,49.5,-0.8999999999999986,116475,-1.4066728111046363,1.8928893076048912,30.048686203774718,NORMAL,-0.003997719566011783,NEUTRAL,0.032357144881079325,-0.07178892914780122,0.0017724993787484322,-0.07487166143097114,0.032365628706753524
2024-06-03,6.99,1.0064786616140837,155.94,-0.9255483682055572,49.5,-0.8999999999999986,116000,-0.40864665964958463,1.9033800297009305,30.215221254212377,NORMAL,0.1420927696331906,NEUTRAL,0.026370244444631163,-0.07051677176468565,0.0028065709753899853,-0.07578809349917688,0.0323823849680791
2024-06-04,6.83,-2.315588266302025,156.62,0.43511714413378355,49.5,-0.8999999999999986,118950,2.5113045642602043,1.9614773374163528,31.137487422556788,NORMAL,0.11767135576564292,NEUTRAL,0.024254947898395166,-0.07097229066481621,0.0035446383198596276,-0.07566021601400776,0.03214024147807759
2024-06-05,6.95,1.7416985994002179,157.28,0.4205167076064877,49.5,-0.8999999999999986,120000,0.8788506033079337,2.0040840626104623,31.813848216811692,NORMAL,-0.20081680055702988,SHORT,0.027637450137081708,-0.07255402343582283,0.004736770062939211,-0.07670183095509929,0.0329455103951799
2024-06-06,7.03,1.1445046245872879,156.52,-0.48438590566446976,49.5,-0.8999999999999986,122200,1.8167303955448935,2.012508241399829,31.94757790927135,NORMAL,-0.08283186857348729,NEUTRAL,0.022580771726431054,-0.07413207624893611,0.006503090112503593,-0.07781309167795851,0.033836987878473446
2024-06-07,6.8,-3.32640936405126,159.1,1.634913800152941,49.5,-0.8999999999999986,123800,1.3008313513000747,2.149314245221772,34.11930589311183,NORMAL,-0.08565717240322959,NEUTRAL,0.018909108414401687,-0.06279519184002691,-0.0076809770073605205,-0.07810529638466374,0.03317837017974046
2024-06-10,6.89,1.314847284350614,159.38,0.17583526258608337,49.5,-0.8999999999999986,125325,1.2243002899071471,2.1333442575125834,33.8657901975962,NORMAL,-0.17530830727001626,SHORT,0.02425940604562324,-0.06317508155492163,-0.0049449828193993545,-0.07743692915495634,0.0327771334342839
2024-06-11,6.84,-0.7283353391108046,159.55,0.10660647546506419,49.5,-0.8999999999999986,127325,1.58325096211012,2.079072391976726,33.00425104122371,NORMAL,-0.09150802365345342,NEUTRAL,0.01964582080423085,-0.07084731682875117,0.0021267295677774994,-0.07905113809612979,0.034547295000634914
2024-06-12,6.82,-0.2928259779088334,156.36,-2.019631179949844,49.5,-0.8999999999999986,127425,0.07850834554370813,1.9671477989107897,31.227503208156275,NORMAL,-0.118543123107026,NEUTRAL,0.024831163711821844,-0.06979764040768908,0.003413197127605766,-0.08391691029657497,0.036105118172984785
2024-06-13,6.75,-1.0316966970932266,158.43,1.3151814462197426,49.5,-0.8999999999999986,132075,3.584198682427415,1.9695950952339023,31.266352832888906,NORMAL,0.15497723649074574,NEUTRAL,0.022912575095247533,-0.07007304235942433,0.0031943275989618214,-0.083840067484433,0.03601897878342564
2024-06-14,6.8,0.738010729762246,159.71,0.8046815281266609,49.5,-0.8999999999999986,133925,1.3909998716644587,1.9779809540158226,31.399474214088915,NORMAL,-0.37117539868024557,SHORT,0.022488768471173513,-0.06783689353777438,0.004425031781442254,-0.08383012255184631,0.035706623859742104
2024-06-17,6.75,-0.7380107297622533,159.75,0.02504225894261318,49.5,-0.8999999999999986,136675,2.0325903014038906,1.773875892879114,28.159406815504724,NORMAL,-0.1552158395476416,NEUTRAL,0.022785228641786278,-0.0664518069558937,0.007636086138496076,-0.08458379579571691,0.036311444720785735
2024-06-18,6.76,0.1480385170434203,158.49,-0.7918593413309931,49.5,-0.8999999999999986,155850,13.128816143228322,1.7537919993270483,27.840584889324766,NORMAL,-0.15425556367400284,NEUTRAL,0.02462520224804041,-0.06525868426221806,0.006534349180671639,-0.08430898576635414,0.035916904575978625
2024-06-20,6.84,1.1764841579586431,158.41,-0.05048911435749415,49.5,-0.8999999999999986,161925,3.823925885563467,1.7814905170966877,28.280285227546184,NORMAL,-1.04055514886022,SHORT,0.024347041440816036,-0.06453490920357378,0.008606335044813049,-0.08441424172332002,0.03593947263935027
2024-06-21,6.69,-2.217385749432197,159.4,0.6230157655355397,49.5,-0.8999999999999986,165175,1.9872252846968568,1.551589488395657,24.63071953894108,NORMAL,-0.2832032388225909,SHORT,0.0277962357861053,-0.0682631185693022,0.009550530703434812,-0.07998338632297565,0.03436427077054782
2024-06-24,6.66,-0.44943895878393264,158.4,-0.6293286975789179,49.5,-0.8999999999999986,167825,1.5916251908865753,1.5466458898045101,24.55224234421766,NORMAL,-0.1803266774751553,SHORT,0.034275123864574986,-0.07446977608252235,0.013530431630006008,-0.07851579260738599,0.034304711965128964
2024-06-25,6.58,-1.2084739215072,159.07,0.42208775299434853,49.5,-0.8999999999999986,172850,2.9502396542818423,1.5542982381058212,24.67371960752316,NORMAL,-0.06837447037874902,NEUTRAL,0.03341586572366979,-0.07142524361760705,0.02045452993894701,-0.08062904220937114,0.0356902490333223
2024-06-26,6.57,-0.15209128407066203,159.44,0.23233189942702925,49.5,-0.8999999999999986,175475,1.5072416248851688,1.4770031052138821,23.446697412396603,NORMAL,-0.25744587704342975,SHORT,0.03443774603697689,-0.07329025478210915,0.023552947935723323,-0.08126494084401864,0.03641581007475736
2024-06-27,6.53,-0.610688920817945,159.05,-0.24490577093861282,49.5,-0.8999999999999986,177750,1.2881486066865113,1.4766398281479363,23.440930567755565,NORMAL,-0.1318298688395208,NEUTRAL,0.03621672886371564,-0.07279648142803467,0.030026489896298685,-0.08234234640663098,0.037689674041868626
2024-06-28,6.58,0.7627802048886068,158.52,-0.3337849872918849,49.5,0.0,180125,1.3272985636335997,1.3555225226073822,21.518252948196377,NORMAL,-0.0844306152101153,NEUTRAL,0.0458865537182161,-0.06834332296327296,0.04433406638247636,-0.08318464409053011,0.03999516513917678
2024-07-01,6.64,0.9077218151116679,159.24,0.4531729809882099,49.5,0.0,180050,-0.04164642248019464,1.3614274736602965,21.6119911401365,NORMAL,-0.041658253054567024,NEUTRAL,0.04601819782568124,-0.06884234000017309,0.04672312541258227,-0.08336857546159142,0.04038640363546053
2024-07-02,6.63,-0.1507159290571363,158.66,-0.3648950258259613,49.5,0.0,184475,2.427936284954619,1.3314219975027397,21.13566897283866,NORMAL,0.018225455314683704,NEUTRAL,0.0454155580223212,-0.06794279361698494,0.04270519012945696,-0.08643565036469045,0.04177681317530457
2024-07-03,6.75,1.793770068666725,156.84,-1.1537370449725997,49.5,0.0,186450,1.0649153680399537,1.3151982248267133,20.878124565870596,NORMAL,-0.1391685982233627,NEUTRAL,0.04591655808326388,-0.06804389690174456,0.04080013036156774,-0.08645780250687726,0.04162494426305807
2024-07-05,6.91,2.342713289514015,155.67,-0.7487795376373027,49.5,0.0,191625,2.737723056714832,1.3644494594153163,21.65996367677667,NORMAL,0.03254801863742306,NEUTRAL,0.04464935776883617,-0.06920693131011021,0.038983193188958105,-0.08634295486034495,0.04158267843065655
2024-07-08,6.85,-0.8720985505444652,155.64,-0.019273393140510686,49.5,0.0,191475,-0.07830853963210267,1.347583725974376,21.39222845859607,NORMAL,-0.12678797066161152,NEUTRAL,0.051888059398751296,-0.07408309509225705,0.04088170376405192,-0.08552652364744752,0.041732104826045835
2024-07-09,6.8,-0.7326040092072897,156.15,0.32714356127349137,49.5,0.0,191025,-0.2352942262026839,1.131179095124994,17.956911443854864,NORMAL,0.067004616326998,NEUTRAL,0.0590765876334306,-0.07364840475362096,0.0422033930375691,-0.08311448617426657,0.039632968054338136
2024-07-10,6.83,0.4402061400637665,155.79,-0.23081372047503548,49.5,0.0,195475,2.302818447694731,1.093965865139789,17.366169731721037,NORMAL,0.062099750662824395,NEUTRAL,0.06617013937480172,-0.06560957759506868,0.046963640142441,-0.07392175505887749,0.032910926938915175
2024-07-11,6.64,-2.82127100943563,153.97,-1.1751168282509816,49.5,0.0,206775,5.619875156739246,1.2516407538916585,19.86918099354437,NORMAL,-0.08978805309010668,NEUTRAL,0.06517155931629476,-0.06580059608084704,0.04720828631025781,-0.07388654236621439,0.03290743489744474
2024-07-12,6.76,1.7910926566530243,153.29,-0.44262260638114487,49.5,0.0,206225,-0.26634398311746976,1.3236519623096554,21.012323488043933,NORMAL,-0.28263044161014494,SHORT,0.05876409437466037,-0.060599902386916815,0.043926980512386235,-0.07341915782154845,0.032271446227440936
2024-07-15,6.68,-1.1904902506318427,153.75,0.29963545086112414,49.5,0.0,210325,1.9686147690081899,1.3303464546652892,21.118595259604913,NORMAL,0.10455867295088575,NEUTRAL,0.05850031434345574,-0.05693115028465213,0.044999101955335366,-0.0783173107198022,0.03557750095514778
2024-07-16,6.62,-0.9022617599637419,155.08,0.8613206116101209,49.5,0.0,216475,2.8821113896987693,1.3296321882295006,21.107256631451293,NORMAL,-0.10773122084351215,NEUTRAL,0.06328373110545953,-0.05477467080819426,0.045516237020119296,-0.07853365787938248,0.03544745334257282
2024-07-17,6.55,-1.063032030175637,154.16,-0.5950088696617476,49.5,0.0,221100,2.1140020529535737,1.3393520513100672,21.261554674383955,NORMAL,-0.2105926924443884,SHORT,0.0708853765219746,-0.058115863186061795,0.04949907068185839,-0.08029588272328425,0.03859790929498763
2024-07-18,6.36,-2.943667229512964,154.7,0.3496733472909518,49.5,0.0,227425,2.8205425844725007,1.4746781477941122,23.409789857547448,NORMAL,-0.0670518408077353,NEUTRAL,0.06867610524089476,-0.058674598988726054,0.04908482720049539,-0.08071886809776706,0.039011167547187475
2024-07-19,6.33,-0.4728141195946012,155.95,0.80476854747918,49.5,0.0,231425,1.743533324514949,1.432999883975119,22.748167930695466,NORMAL,-0.17855888515102175,SHORT,0.07126046346969693,-0.05067313898006099,0.050419671378835275,-0.08228923887679174,0.03980087307033431
2024-07-22,6.32,-0.1581027997318707,157.1,0.7347102207763345,49.5,0.0,234400,1.2773210749582544,1.3670586189385456,21.701382800152835,NORMAL,-0.12271211925601201,NEUTRAL,0.0674330317240207,-0.054279225533838946,0.050931231652868,-0.08400352056913872,0.041291885088360125
2024-07-23,6.29,-0.47581374464169235,157.89,0.5016042772221694,49.5,0.0,236700,0.9764458817080596,1.3672388386972663,21.704243700130323,NORMAL,-0.08138710654301251,NEUTRAL,0.06174727204459964,-0.0483656770345674,0.048508061749208096,-0.08423850779966567,0.04101444676410182
2024-07-24,6.22,-1.1191163961261104,158.01,0.07597341296104602,49.5,0.0,241750,2.111061781346552,1.3642076395766265,21.65612490584514,NORMAL,-0.04106585413757913,NEUTRAL,0.06586620124323309,-0.05480154018169068,0.051062201142482555,-0.08135972501450499,0.039794456151361346
2024-07-25,6.3,1.2779726646399021,159.24,0.7754175968708821,49.5,0.0,239425,-0.966391892572065,1.4081088211934325,22.353034558764836,NORMAL,-0.11273351191915927,NEUTRAL,0.06314095261915607,-0.05570816235183315,0.0502944743608323,-0.08130606447963624,0.03980740933605864
2024-07-26,6.29,-0.15885626851378415,159.18,-0.037686075441323075,49.5,0.0,237750,-0.7020513982183344,1.40495988454984,22.303046739245374,NORMAL,0.0996362742047836,NEUTRAL,0.06336412905353361,-0.055764907716628107,0.05105795639739884,-0.08227845917765174,0.04068407983660238
2024-07-29,6.25,-0.637960696403904,160.02,0.5263170044274691,49.5,0.0,239100,0.566217303877928,1.3899426354924163,22.0646553009518,NORMAL,0.12483271363888242,NEUTRAL,0.06474244924582832,-0.053168390231075134,0.05050753314177179,-0.08273832453738304,0.040665150503113257
2024-07-30,6.24,-0.1601281366973768,159.87,-0.09378224451773297,49.5,0.0,239400,0.12539186595936813,1.3630865357928383,21.63832793501036,NORMAL,-0.011222280444092445,NEUTRAL,0.06359527359854844,-0.05326179767633065,0.05026706079515575,-0.08262722442212588,0.040558038297851096
2024-07-31,6.4,2.531780798429,159.41,-0.2881485331245378,49.4,-0.10000000000000142,239275,-0.05222750419025653,1.5043128429082009,23.880226058254046,NORMAL,0.05612388830912411,NEUTRAL,0.06141199195595489,-0.05400456717635505,0.049876595503746554,-0.08256335521949046,0.040524244262737485
2024-08-01,6.25,-2.3716526617316043,159.96,0.3444284333062462,49.4,-0.10000000000000142,245150,2.4256750015272157,1.505517840115189,23.899354795895352,NORMAL,0.07228785597206011,NEUTRAL,0.057454499570437134,-0.053237301096741144,0.04828109919393445,-0.0827383228334955,0.040587787550028676
2024-08-02,6.29,0.6379606964038987,158.32,-1.0305482684307394,49.4,-0.10000000000000142,246500,0.5491725385502544,1.386523088991974,22.010371683131048,NORMAL,-0.16284710673285685,SHORT,0.06106476773192604,-0.05365475940600172,0.0475118244329885,-0.0827318033840073,0.04022555028413222
2024-08-05,6.18,-1.764279924274979,158.61,0.1830057621158423,49.4,-0.10000000000000142,251350,1.9484396655839458,1.4142150643028408,22.449968163039212,NORMAL,0.05519307240033214,NEUTRAL,0.05197284429907725,-0.05256926334749303,0.051623986310293635,-0.08338460751158576,0.04119485395973588
2024-08-06,6.19,0.16168152269054775,158.28,-0.2082742398245055,49.4,-0.10000000000000142,252575,0.4861844175211653,1.4210821889492644,22.558980387258327,NORMAL,-0.12057578912987739,NEUTRAL,0.05662053437768695,-0.05769829661438626,0.048892043858865405,-0.08301411700551697,0.0412966565831161
2024-08-07,6.03,-2.6188075957410684,157.4,-0.5575280533920703,49.4,-0.10000000000000142,294750,15.441930510368437,1.481311996324644,23.515098938229798,NORMAL,0.019049110173628182,NEUTRAL,0.05210904800202725,-0.0605932746044746,0.05026578513899885,-0.08361719556644119,0.04213630923483769
2024-08-08,6.03,0.0,157.09,-0.19714464714544264,49.4,-0.10000000000000142,294425,-0.11032376898681717,1.3926223701419105,22.107194769725023,NORMAL,-1.212653002655922,SHORT,0.05433232298241933,-0.05916804090476603,0.04853724556638911,-0.0838703064283805,0.042060783891090026
2024-08-09,6.07,0.6611594332312789,156.67,-0.2677207106452749,49.4,-0.10000000000000142,296400,0.668559169431959,1.3163939194211398,20.897105629115615,NORMAL,0.06949901452001746,NEUTRAL,0.05305360583329783,-0.057446069914279495,0.04741644395986089,-0.08939023739064916,0.048555500336633806
2024-08-12,6.16,1.4718172474021485,156.25,-0.2684393788884705,49.4,-0.10000000000000142,296125,-0.09282309429823325,1.380043960297263,21.90751870369952,NORMAL,0.00045709792529732146,NEUTRAL,0.047341642984548155,-0.06524892070656739,0.052521234943718575,-0.08840041642909988,0.04954186097979041
2024-08-13,6.13,-0.4882027597308421,155.18,-0.6871555150707637,49.4,-0.10000000000000142,305625,3.1577197750186836,1.3752924501806485,21.832090818976106,NORMAL,0.07065914787931654,NEUTRAL,0.04967924569153416,-0.0668309871267778,0.051646753126322734,-0.08838865896065366,0.049600512226237514
2024-08-14,6.1,-0.4905978768854518,154.91,-0.1741430347531705,49.4,-0.10000000000000142,307425,0.5872294829374576,1.3663556541044912,21.690223579364844,NORMAL,-0.1859372472454425,SHORT,0.05173846403904456,-0.06776446278074279,0.0521309557768105,-0.08836355342226335,0.04962224902901302
2024-08-15,6.26,2.5891413932741707,155.34,0.277195987322973,49.4,-0.10000000000000142,307450,0.008131734096766373,1.3749172760273596,21.826135113928455,NORMAL,0.006315409795957613,NEUTRAL,0.05161188894852025,-0.06842776852704148,0.05180265850758976,-0.08860664201363294,0.04990549660926413
2024-08-16,6.24,-0.3200002730670791,154.37,-0.6263944797751357,49.4,-0.10000000000000142,309050,0.5190603705803588,1.3730383215050925,21.796307635584142,NORMAL,0.02323491440658792,NEUTRAL,0.0479224837227822,-0.06689040559540141,0.05413532770342487,-0.09005268933861232,0.051276885236778647
2024-08-19,6.23,-0.1603849581974516,151.72,-1.731560137305183,49.4,-0.10000000000000142,308075,-0.31598162810954783,1.3730459835691093,21.79642926707965,NORMAL,0.04251800063971127,NEUTRAL,0.05399156531456328,-0.06489605419503061,0.052863347571147634,-0.09023566945078723,0.05063746372027167
2024-08-20,6.16,-1.1299555253933395,150.38,-0.8871292870817409,49.4,-0.10000000000000142,320050,3.813397376382557,1.3908542082387574,22.079126069684374,NORMAL,0.1863090752688723,LONG,0.05439259515348473,-0.06266073793537313,0.05185346463192737,-0.09051472633607008,0.05054317629964422
2024-08-21,6.22,0.9693129205659533,149.94,-0.2930209874964833,49.4,-0.10000000000000142,319625,-0.13287999766617278,1.3890598112121983,22.05064089997084,NORMAL,-0.24219299509646822,SHORT,0.052618927916247595,-0.06195630485402625,0.05280023218121973,-0.09033812066990986,0.05044147744715688
2024-08-22,6.18,-0.6451635281488719,151.15,0.8037507150551142,49.4,-0.10000000000000142,319700,0.02346224544449937,1.3622418679487691,21.624919248675198,NORMAL,0.07518959167411654,NEUTRAL,0.050497801123624494,-0.06110814540683768,0.05322244791536099,-0.09112030737128991,0.051158169977254975
2024-08-23,6.2,0.323102058144654,148.74,-1.607290595031289,49.4,-0.10000000000000142,315575,-1.298668442687047,1.3653337323603372,21.67400107459844,NORMAL,-0.007229792259996107,NEUTRAL,0.050532109074338416,-0.06242041665383389,0.05463650612351254,-0.09069022005840892,0.05103912814181988
2024-08-26,6.22,0.3220614700042157,148.73,-0.006723367064770459,49.4,-0.10000000000000142,315575,0.0,1.3612608647428142,21.609346305565314,NORMAL,0.2675306515380327,LONG,0.04490420195270564,-0.07012312707233047,0.05879700073487215,-0.0891666442449919,0.05123748424179675
2024-08-27,6.35,2.068490615351211,148.3,-0.2895332460620014,49.4,-0.10000000000000142,317175,0.5057300387736617,1.4385573600653767,22.836390128607523,NORMAL,0.04091616507820782,NEUTRAL,0.04622152074967316,-0.0693938338953806,0.057719158887756104,-0.08941021172495862,0.051341473968862905
2024-08-28,6.21,-2.22939169592128,148.86,0.3769017787878203,49.4,-0.10000000000000142,314250,-0.9264824556305173,1.4063452210424747,22.325038274295295,NORMAL,0.015606338123593355,NEUTRAL,0.046590013417922314,-0.06915118131931898,0.05782999607918551,-0.089419726367201,0.05132500070736645
2024-08-29,6.22,0.16090108057006858,149.21,0.2348442720565658,49.4,-0.10000000000000142,322950,2.7308665008124877,1.306301130628398,20.73688757403145,NORMAL,0.10314017375021486,NEUTRAL,0.05226307231491602,-0.0693394911063592,0.0561139471549072,-0.0891788864288745,0.050666056301108764
2024-08-30,6.21,-0.16090108057006625,149.89,0.45469820901739844,49.1,-0.29999999999999716,320925,-0.6290061507491468,1.2971746391504808,20.592009013272733,NORMAL,-0.21714187055722614,SHORT,0.04620812156552298,-0.07016487624542261,0.05774688835307659,-0.08828607474217971,0.049800615293289274
2024-09-03,6.09,-1.9512814223581716,151.63,1.1541651070343506,49.1,-0.29999999999999716,317800,-0.9785196868374612,1.3106790001269748,20.806384097824623,NORMAL,0.05190732656928098,NEUTRAL,0.04620732907275404,-0.07055507061964732,0.058344795734561014,-0.08789214604483703,0.0496338189889981
2024-09-04,6.06,-0.49382816405825664,150.48,-0.7613157820072984,49.1,-0.29999999999999716,318650,0.2671067657687473,1.312686790008797,20.838256774097662,NORMAL,0.03910862754537391,NEUTRAL,0.04872414591055531,-0.06847704463664521,0.055787058604760326,-0.08804566318654661,0.04935356470263219
2024-09-05,6.16,1.6366977464205412,150.41,-0.04652863256529068,49.1,-0.29999999999999716,317175,-0.46396497336411807,1.2259945216280856,19.46205967773308,NORMAL,0.06277705606727418,NEUTRAL,0.04754272205593717,-0.07208273891727408,0.054405932192149176,-0.0873119518778568,0.04884424822389011
2024-09-06,6.07,-1.4718172474021534,150.71,0.1992561764463135,49.1,-0.29999999999999716,317575,0.12603388828624407,1.2758909718749627,20.254141269681945,NORMAL,0.07615282291563162,NEUTRAL,0.04858087215682656,-0.07102647764788034,0.055085828324033664,-0.08792244397103614,0.049331364734741645
2024-09-09,6.23,2.6017727727954876,152.65,1.2790258749301926,49.1,-0.29999999999999716,316450,-0.35487596882100997,1.3944541083762843,22.136272712735753,NORMAL,0.016981217314525912,NEUTRAL,0.05718231367601996,-0.06176838579463146,0.054833791395021224,-0.09079483875241003,0.051030479348555646
2024-09-10,6.16,-1.1299555253933395,152.86,0.1374750633851254,49.1,-0.29999999999999716,316175,-0.08693934552743136,1.3840169892603036,21.970588583226693,NORMAL,-0.010206148308054871,NEUTRAL,0.05686300572487571,-0.06470959668131007,0.056233191697925816,-0.09176741974479814,0.052157295260473635
2024-09-11,6.24,1.2903404835908001,153.28,0.27438444078123175,49.1,-0.29999999999999716,314950,-0.3881961698102069,1.4079292994029475,22.350184738689595,NORMAL,0.038191606963662146,NEUTRAL,0.05619858039689052,-0.06915190520521695,0.054150551821406705,-0.08908342497286446,0.049900363664041825
2024-09-12,6.27,0.4796172263493014,151.48,-1.1812711188956466,49.1,-0.29999999999999716,311650,-1.0533132813078419,1.4036185738872595,22.281754092580968,NORMAL,0.05497605750567144,NEUTRAL,0.055749356677831666,-0.06931534110086938,0.0551208685051625,-0.08959906147944742,0.05036652049119805
2024-09-13,6.31,0.6359321908292421,150.57,-0.6025510698642111,49.1,-0.29999999999999716,311525,-0.04011714259283755,1.287176678168261,20.433296303012646,NORMAL,0.21111191855478312,LONG,0.053520608388614783,-0.06715203737515353,0.05314113572782797,-0.0894405209068214,0.05000432478708672
2024-09-16,6.35,0.6319136351478533,149.62,-0.6329345890693031,49.1,-0.29999999999999716,308550,-0.9595687061855438,1.2907674267492473,20.490297669607735,NORMAL,0.08322975772982844,NEUTRAL,0.054374369255774185,-0.06842318292064714,0.053194888762549256,-0.08937309087184218,0.05013335175178102
2024-09-17,6.32,-0.4735604745834127,149.17,-0.3012151278419938,49.1,-0.29999999999999716,306500,-0.6666149390809738,1.2958209947167787,20.570520574061636,NORMAL,0.16833691546426846,LONG,0.05505120048951259,-0.06848282043060312,0.05282398387245181,-0.08940241983292913,0.050092833015716764
2024-09-18,6.35,0.4735604745834029,148.62,-0.3693882436515807,49.1,-0.29999999999999716,305250,-0.4086642385452016,1.2668401533985367,20.110463980580676,NORMAL,0.1205058829271421,NEUTRAL,0.05562089800793231,-0.06991726751206673,0.05259477287459982,-0.08941185475343735,0.050260418904316984
2024-09-19,6.39,0.6279455484843102,147.84,-0.526210483594919,49.1,-0.29999999999999716,304925,-0.1065268261512051,1.2575125342419882,19.962392616905376,NORMAL,0.10236324017127894,NEUTRAL,0.0562095457558239,-0.06926850053184087,0.05332170917947336,-0.08947011744316702,0.05033950947040222
2024-09-20,6.39,0.0,148.26,0.28368813351995353,49.1,-0.29999999999999716,303350,-0.5178590340995134,1.2446602939186053,19.758369626791133,NORMAL,0.08763437433876499,NEUTRAL,0.057769368634173965,-0.06905629487632729,0.05337118522448368,-0.08953815010175786,0.05038761715836759
2024-09-23,6.35,-0.6279455484843136,147.22,-0.7039422598013765,49.1,-0.29999999999999716,301700,-0.5454108223291391,1.256496881082083,19.94626962282894,NORMAL,0.06777513890762192,NEUTRAL,0.057206800610223735,-0.06993229791421339,0.05275777328081359,-0.08928034523928391,0.05019828875585608
2024-09-24,6.54,2.9482352564507175,146.28,-0.6405473349379389,49.1,-0.29999999999999716,301850,0.04970590774198253,1.40698691514,22.335224852294274,NORMAL,0.13892563120120469,NEUTRAL,0.056722009181898694,-0.06995058643065973,0.052662726853187944,-0.08940282112591845,0.05023962881202848
2024-09-25,6.54,0.0,147.05,0.525007171882364,49.1,-0.29999999999999716,303350,0.4957049145871641,1.3408118190818825,21.284727769360735,NORMAL,0.0791640293058523,NEUTRAL,0.055309722968642616,-0.06898992883844599,0.053001337560642875,-0.08925714570292403,0.04996314315484607
2024-09-26,6.74,3.01227594551083,146.51,-0.3678979486782494,49.1,-0.29999999999999716,303050,-0.09894459910128413,1.3638615547542232,21.650630979609463,NORMAL,-0.0382524197703911,NEUTRAL,0.06019588164156648,-0.07270875710163761,0.05151494811522779,-0.090419111696129,0.04979084562164571
2024-09-27,6.64,-1.4947961435873252,144.84,-1.146400061578114,49.1,-0.29999999999999716,302525,-0.1733889713177795,1.4284645438530483,22.67617163825091,NORMAL,0.0798179382217236,NEUTRAL,0.058895627973840584,-0.07397739018282733,0.051031890912793254,-0.09111914654037143,0.05036523940762139
2024-09-30,6.56,-1.212136053234485,145.27,0.2964394987351824,49.8,0.6999999999999957,300600,-0.6383441365242104,1.4661933628057227,23.27509807150465,NORMAL,0.1430696586347297,NEUTRAL,0.06903894102488484,-0.06404103540112652,0.05050983384030504,-0.0909343928551346,0.04858864267876284
2024-10-01,6.66,1.5128881596300219,146.9,1.1158003295039476,49.8,0.6999999999999957,300175,-0.14148394020924313,1.3922085896175087,22.100626207535452,NORMAL,0.14241952911744438,NEUTRAL,0.06645284505503063,-0.05991671839742867,0.05121207866451818,-0.0906719552246516,0.04768049236088334
2024-10-02,6.76,1.490340550257495,147.78,0.5972598180669955,49.8,0.6999999999999957,300275,0.03330835237723503,1.3923057216009072,22.102168129969986,NORMAL,0.043373310924337855,NEUTRAL,0.06353996390088629,-0.06082048623042259,0.04986384534043768,-0.09041431729087178,0.04728842609744599
2024-10-03,6.66,-1.4903405502574918,149.1,0.8892540410191114,49.8,0.6999999999999957,298100,-0.7269720756528258,1.4382640931192592,22.83173466016443,NORMAL,0.06379781254640307,NEUTRAL,0.06276246045969935,-0.05103257478474029,0.04939613503328662,-0.09193598261754007,0.04778166568426223
2024-10-04,6.73,1.0455659104338708,150.75,1.1005613836602106,49.8,0.6999999999999957,298525,0.14246807354226423,1.3755178093434683,21.83566828477905,NORMAL,0.12134419311153881,NEUTRAL,0.06236175893171532,-0.048323657241578985,0.04963696795100894,-0.09244999408355577,0.04807513358182858
2024-10-07,6.75,0.2967361227802008,151.58,0.549070277658838,49.8,0.6999999999999957,297300,-0.411195141539634,1.285164043251693,20.401346714197423,NORMAL,0.021310895610932655,NEUTRAL,0.05794933272906508,-0.0517123685613943,0.047693185260633444,-0.09202785282564561,0.04767107102445567
2024-10-08,6.62,-1.944713493552155,152.39,0.5329485917886044,49.8,0.6999999999999957,296275,-0.34536529295397,1.3476366364356414,21.393068386129638,NORMAL,0.10616212366143826,NEUTRAL,0.06244137060971969,-0.05307079343237119,0.050131145991331755,-0.09185066244182033,0.047911809788504955
2024-10-09,6.55,-1.063032030175637,153.3,0.595376157599929,49.8,0.6999999999999957,294825,-0.49061170984786573,1.3647704984623725,21.665060013654582,NORMAL,0.09931989789715741,NEUTRAL,0.05878756900738128,-0.04649618113279602,0.047669377456916934,-0.09249290412184945,0.04793606250221438
2024-10-10,6.59,0.6088298867255355,153.21,-0.058725655010621346,49.8,0.6999999999999957,299350,1.523149739532729,1.3662574605314006,21.68866480471639,NORMAL,0.0975470171732005,NEUTRAL,0.052145923164682355,-0.05247689944542947,0.044655000553521146,-0.09250918285196452,0.047991723406030196
2024-10-11,6.66,1.0566136037881906,152.52,-0.4513794338299201,49.8,0.6999999999999957,297550,-0.6031179280500033,1.3757352268471306,21.839119680651226,NORMAL,-0.05373769687238045,NEUTRAL,0.0522168397105502,-0.05083727257096862,0.0446837142131217,-0.09205830853230193,0.04743706847300522
2024-10-14,6.55,-1.6654434905137234,153.57,0.6860754148238538,49.8,0.6999999999999957,292850,-1.5921745555069735,1.4384018255435675,22.833921094617565,NORMAL,0.16547217809463816,LONG,0.055669603796497796,-0.04930252136945792,0.0465687061077317,-0.09111043344086943,0.04664397466590087
2024-10-15,6.46,-1.3835731852650024,153.7,0.0846161406948519,49.8,0.6999999999999957,288125,-1.62661187848783,1.4733028165887871,23.387957151509628,NORMAL,0.18266584399504165,LONG,0.05057540943495169,-0.06398258740422541,0.04501867099414955,-0.09074020468380116,0.04817407871954804
2024-10-16,6.55,1.3835731852650008,155.37,1.0806718559359814,49.8,0.6999999999999957,288750,0.21668480850902933,1.4989650270595947,23.795332113497352,NORMAL,0.21558759366044225,LONG,0.04484550564562109,-0.06660236622793338,0.04237417013394043,-0.09019717982682468,0.047588607281884854
2024-10-17,6.45,-1.5384918839479342,154.95,-0.2706884870152668,49.8,0.6999999999999957,287425,-0.4599305196199387,1.5406904361180098,24.457702447823404,NORMAL,-0.018334649623206307,NEUTRAL,0.04353011056510858,-0.06638620855426254,0.041830388528027014,-0.08955092461055945,0.04688861154010693
2024-10-18,6.54,1.3857034661426282,154.32,-0.40741156362836134,49.8,0.6999999999999957,284200,-1.1283740976803631,1.5693691798528782,24.912963390840684,NORMAL,0.13171654693035795,NEUTRAL,0.04403058114102026,-0.06345867295711598,0.04189361635000242,-0.08954157294803813,0.04654174545252432
2024-10-21,6.53,-0.15302221807675936,155.88,1.005811187303478,49.8,0.6999999999999957,282200,-0.7062176244286656,1.5610910394923638,24.781551986568637,NORMAL,0.19693269324714574,LONG,0.04223227743742521,-0.061960699303756715,0.04091375949206082,-0.089347388411061,0.04600736424229157
2024-10-22,6.56,0.4583659667657893,155.74,-0.08985303216683241,49.8,0.6999999999999957,280100,-0.7469357152650823,1.418062182706894,22.51103927440728,NORMAL,0.07341761174510542,NEUTRAL,0.04743359558423548,-0.06800470907647999,0.04378599893733001,-0.0902465640598279,0.04763945060985397
2024-10-23,6.54,-0.30534374868902314,157.38,1.0475312957997152,49.8,0.6999999999999957,279625,-0.16972624557691987,1.4198777425419047,22.539860393290056,NORMAL,0.1554310152718696,NEUTRAL,0.050298223741154696,-0.06898852935915874,0.045400108540816594,-0.08990584548585961,0.047779236161355376
2024-10-24,6.56,0.3053437486890248,156.87,-0.32458262386882886,49.8,0.6999999999999957,278325,-0.4659924195522673,1.234547810005599,19.597838921365398,NORMAL,0.03402194065336039,NEUTRAL,0.05449491874277873,-0.06576323513659044,0.04696037693390622,-0.09158162264549122,0.049143967401385824
2024-10-25,6.58,0.3044142381228273,157.0,0.08283684801590485,49.8,0.6999999999999957,276775,-0.558459386924051,1.1951984261007216,18.973186817029916,NORMAL,0.14505863843228345,NEUTRAL,0.050670338792147385,-0.06325433241268723,0.04497476416183213,-0.0909343280347498,0.04817212321242781
2024-10-28,6.62,0.6060624611690955,158.38,0.8751403433958299,49.8,0.6999999999999957,276100,-0.2441782809421735,1.1706784745853118,18.583944653815102,NORMAL,0.12202973430740405,NEUTRAL,0.0463930109996575,-0.06255438571062018,0.042661358619828324,-0.091243126373728,0.048520024954810004
2024-10-29,6.65,0.4521484718846057,159.08,0.4410011557223514,49.8,0.6999999999999957,274225,-0.681418163871091,1.123790597324919,17.839622677406783,NORMAL,0.0481839825691629,NEUTRAL,0.04915235278202021,-0.06184826460821609,0.043883238558620315,-0.0918970935383607,0.04919163035555796
2024-10-30,6.61,-0.6033200804167809,158.01,-0.674889817608231,49.8,0.6999999999999957,275300,0.3912474851163761,1.0732991508633394,17.038095813367153,NORMAL,0.11872533771630642,NEUTRAL,0.05567715407625181,-0.07518911018556347,0.04817129963271455,-0.09170104599463601,0.05138296770699391
2024-10-31,6.63,0.30211503341762513,158.74,0.4609321499321971,50.1,0.30000000000000426,271375,-1.4359783950105762,1.0259572502221026,16.286566439228103,NORMAL,0.09127509014545784,NEUTRAL,0.05181491239252355,-0.06352610370902588,0.04568712030796812,-0.0904642926910095,0.048783789192748284
2024-11-01,6.64,0.15071592905713385,158.4,-0.2144164282404041,50.1,0.30000000000000426,271375,0.0,0.9959984961894854,15.81098596267015,NORMAL,0.16972867154023147,LONG,0.052499062118803536,-0.06069740238481462,0.0455932432966321,-0.09159540357012241,0.04939261100156833
2024-11-04,6.71,1.0486987495248072,157.4,-0.6333143397022585,50.1,0.30000000000000426,273850,0.9078883031274502,1.024256585815722,16.25956922873093,NORMAL,0.08304900927770191,NEUTRAL,0.057280717542658406,-0.05459749488247782,0.04687230630489555,-0.094684399835989,0.05179565415317211
2024-11-05,6.75,0.5943553900848138,155.89,-0.9639705658713372,50.1,0.30000000000000426,272975,-0.3200295329600333,0.9271587800131984,14.718189346709798,NORMAL,0.018000923151904123,NEUTRAL,0.06155298982785431,-0.05037526513812653,0.043876404207976116,-0.09760932640210664,0.05384503741115276
2024-11-06,6.46,-4.3913187089928,159.84,2.5022684575653966,50.1,0.30000000000000426,272550,-0.15581323898400037,1.3490712080066425,21.415841503818392,NORMAL,0.15392439533879093,NEUTRAL,0.05842454336657077,-0.05311246328870877,0.04800572242468823,-0.09342663996360061,0.05047659368224955
2024-11-07,6.63,2.5975486403260737,156.31,-2.233209999286361,50.1,0.30000000000000426,272525,-0.009173049586760731,1.4695838678646511,23.328920670733638,NORMAL,-0.04590584052233364,NEUTRAL,0.06101683178354195,-0.054251890280577246,0.04707690389508033,-0.09438896485232208,0.051235214619016034
2024-11-08,6.52,-1.6730428259209607,159.07,1.7503142002889298,50.1,0.30000000000000426,272400,-0.04587787390649762,1.4957682566892887,23.7445849571069,NORMAL,0.23929899527775939,LONG,0.05131038915891818,-0.07746899894666896,0.04711175091564801,-0.09272137403121067,0.050690317570638244
2024-11-11,6.44,-1.2345835822299267,160.68,1.0070452580812361,50.1,0.30000000000000426,271875,-0.19291724324087905,1.4750892947198275,23.416316612653958,NORMAL,-0.03119570309221159,NEUTRAL,0.04669557720089805,-0.05594053512613062,0.05355459998153821,-0.08622572012641808,0.04349970746321297
2024-11-12,6.32,-1.8809331957496227,162.0,0.8181525741302589,50.1,0.30000000000000426,271225,-0.23936671344341512,1.5020847140216442,23.844855608717076,NORMAL,0.0135866682714543,NEUTRAL,0.05086170041146193,-0.06876285563289838,0.04838296744516565,-0.09049157571612129,0.04809748420265991
2024-11-13,6.28,-0.634922767865878,163.82,1.1171928855071789,50.1,0.30000000000000426,273100,0.6889293771144968,1.4638052873114473,23.23718854828525,NORMAL,0.02619180333928169,NEUTRAL,0.046236105047659,-0.06884009627734046,0.049324948885158704,-0.08973643532033346,0.047452486457777665
2024-11-14,6.31,0.4765696073014425,164.58,0.4628510090111103,50.1,0.30000000000000426,272200,-0.3300938262293626,1.436684261278691,22.806655607183757,NORMAL,-0.097798500138596,NEUTRAL,0.03802563278455536,-0.08168933303957106,0.05222431584700456,-0.08742359955076777,0.0473235609985172
2024-11-15,6.29,-0.31746058407725425,165.14,0.3396824811715415,50.1,0.30000000000000426,271875,-0.11946883744171313,1.3931975782142012,22.116325914793414,NORMAL,0.039456194210231936,NEUTRAL,0.0396816087567062,-0.09597968454554577,0.05092430053418155,-0.08761626795664178,0.04904942188702999
2024-11-18,6.35,0.9493742192251143,163.89,-0.7598127913546568,50.1,0.30000000000000426,271525,-0.12881856768487845,1.4165523963510411,22.48707215902473,NORMAL,0.03477144020472989,NEUTRAL,0.03638822293244548,-0.08213662779081629,0.05319877674374732,-0.08641548702811093,0.046418299528198426
2024-11-19,6.35,0.0,162.88,-0.6181737713578006,50.1,0.30000000000000426,271975,0.1655934141046542,1.4100590835030733,22.383994013140747,NORMAL,0.12650745769168542,NEUTRAL,0.03734898293380258,-0.08280603162380114,0.052119356065138046,-0.08232963694490618,0.04193600820507559
2024-11-20,6.4,0.7843177461026098,164.38,0.9167087358195933,50.1,0.30000000000000426,271850,-0.045970671521672904,1.4252266144826484,22.62477110298969,NORMAL,0.09668685149489031,NEUTRAL,0.04083842385687063,-0.08713943637644368,0.051461363832897684,-0.08126709388432685,0.04153300327578158
2024-11-21,6.33,-1.09977542095414,164.16,-0.13392587379491824,50.1,0.30000000000000426,272625,0.2846780929863552,1.4383404935084878,22.83294747874423,NORMAL,-0.017971630144359423,NEUTRAL,0.042498692053893505,-0.08645632351885836,0.05012997515184544,-0.08148569878970817,0.04151983684592353
2024-11-22,6.29,-0.6339165443735654,165.63,0.891482298165825,50.1,0.30000000000000426,272525,-0.03668715073709169,1.437064063985625,22.812684788242656,NORMAL,0.04798478210269553,NEUTRAL,0.04555116153800509,-0.08168916312297941,0.04919578854754519,-0.08172532106820417,0.040960310343203576
2024-11-25,6.31,0.31746058407726396,164.3,-0.8062359920840451,50.1,0.30000000000000426,270975,-0.5703787312608659,1.4297060950891887,22.695880653115545,NORMAL,-0.009436869968449474,NEUTRAL,0.047537219394033825,-0.0827346988109323,0.04590221637491359,-0.08209318790256263,0.04118565498247506
2024-11-26,6.37,0.9463793030950362,165.49,0.7216744987629415,50.1,0.30000000000000426,269475,-0.5550944034121443,1.4464683812044001,22.961973695910107,NORMAL,0.1749155733997781,LONG,0.046013023256532476,-0.08473717919779905,0.04596589306456781,-0.08204131031234449,0.041201073276504685
2024-11-27,6.37,0.0,163.37,-1.2893202992434691,50.1,0.30000000000000426,269050,-0.1578385732263492,1.4442350447561063,22.926520578893378,NORMAL,0.0445679815007869,NEUTRAL,0.04530854830971261,-0.08360104192093101,0.04662833725951432,-0.08215480422292731,0.04126377566159878
2024-11-29,6.36,-0.15710922320412124,162.31,-0.6509480121438096,50.3,0.19999999999999574,271000,0.7221584944272167,1.4397278169101397,22.854970554996978,NORMAL,0.1929897316448534,LONG,0.05030884918340885,-0.09006767606189202,0.04511535322103191,-0.08249056727204841,0.04219242569637838
2024-12-02,6.41,0.783089358054784,165.1,1.7043264009103072,50.3,0.19999999999999574,270725,-0.10152753652577906,1.4548818846749794,23.095533922937697,NORMAL,0.057894558501064494,NEUTRAL,0.05019346994424579,-0.08961763202391397,0.04483552244668393,-0.08253373159972872,0.04216257531752743
2024-12-03,6.49,1.24032597834199,164.21,-0.5405254422336185,50.3,0.19999999999999574,268625,-0.7787190551768565,1.4639762336677276,23.239902237562752,NORMAL,-0.08935966038515433,NEUTRAL,0.04866641979802289,-0.0912559723877562,0.045623497523316695,-0.08253113963054719,0.04240703444915417
2024-12-04,6.53,0.614441257234099,165.26,0.6373894769292134,50.3,0.19999999999999574,268500,-0.04654410137551684,1.4645325697262017,23.248733798699355,NORMAL,0.17076607405362476,LONG,0.049742707754519444,-0.08777859390792843,0.04607786698316224,-0.0826501280325388,0.04209386594741926
2024-12-05,6.51,-0.30674870678618343,164.27,-0.6008575719929669,50.3,0.19999999999999574,270525,0.7513601508792982,1.0780570162888625,17.113624585491834,NORMAL,0.0052650935672846205,NEUTRAL,0.04588990538323376,-0.08586793280839729,0.05155579883436594,-0.08154299004065658,0.04198154875379434
2024-12-06,6.57,0.9174376276041449,165.97,1.0295633579518852,50.3,0.19999999999999574,269800,-0.2683571684056918,0.9223757874653639,14.642261693884324,NORMAL,0.046199998140117784,NEUTRAL,0.04669789779990944,-0.08384610848144192,0.0519352726604146,-0.08153815887546884,0.04161789716352182
2024-12-09,6.61,0.6069821367075774,164.15,-1.10264051850257,50.3,0.19999999999999574,269800,0.0,0.8485737421754943,13.4706905453748,NORMAL,-0.011707808513400877,NEUTRAL,0.0429884880090108,-0.08484182125449147,0.05461678812334543,-0.08097557582511161,0.04172301397132838
2024-12-10,6.71,1.5015297119995434,167.03,1.7392793054254612,50.3,0.19999999999999574,268100,-0.6320898531741934,0.8479836208385222,13.461322659568912,NORMAL,0.1454603341482689,NEUTRAL,0.04744407856596482,-0.0794312546581136,0.05216067880386118,-0.08174591838004748,0.04144402024876659
2024-12-11,6.7,-0.14914245866700204,167.65,0.37050359103812774,50.3,0.19999999999999574,268500,0.14908687070057744,0.6990811059100414,11.097568515011856,NORMAL,-0.03892340572953054,NEUTRAL,0.04517039152486457,-0.08423843551554192,0.05538439242670078,-0.08122815390253514,0.04209955239231611
2024-12-12,6.65,-0.7490671729157625,167.63,-0.011930326905112105,50.3,0.19999999999999574,268425,-0.027936862872014318,0.7074618724993199,11.230609060159717,NORMAL,0.01735498351239481,NEUTRAL,0.04660233554722965,-0.0764231115701321,0.05672655122949518,-0.08235215447207486,0.042136828907629154
2024-12-13,6.6,-0.7547205635382966,168.27,0.38106625451688547,50.3,0.19999999999999574,272825,1.6259018678954351,0.7427225740807659,11.790355344788724,NORMAL,0.061110671600513485,NEUTRAL,0.04660900451258401,-0.07683308752071051,0.05641299198465337,-0.08241529660276636,0.04217230533728644
2024-12-16,6.58,-0.3034903695153936,167.74,-0.3154670632089796,50.3,0.19999999999999574,272625,-0.07333394773603939,0.7421922601735409,11.781936872496825,NORMAL,-0.1066947177826566,NEUTRAL,0.046674474085190376,-0.07731050414013123,0.054773053083475964,-0.08294681302729352,0.04239517718619923
2024-12-17,6.54,-0.6097579868118557,168.65,0.5410399951393817,50.3,0.19999999999999574,272450,-0.06421134926858113,0.7440233648087696,11.811004757432944,NORMAL,0.08821019014228654,NEUTRAL,0.04824771683872493,-0.07425222601793534,0.05188844114105097,-0.08400820611647751,0.042658223468400425
2024-12-18,6.59,0.7616183045308509,171.32,1.570759123951088,50.3,0.19999999999999574,272325,-0.045890506059821375,0.7554838430894513,11.992934210052187,NORMAL,0.02052865106612261,NEUTRAL,0.05125140882146624,-0.08501987679285919,0.049004619884003675,-0.08527265128338274,0.044397316817172516
2024-12-19,6.52,-1.0678972575854255,173.36,1.1837204480933485,50.3,0.19999999999999574,272325,0.0,0.7909095614624284,12.555300055036442,NORMAL,-0.07307447215905927,NEUTRAL,0.04700652558741911,-0.08557387456957778,0.05168352906358955,-0.08712566140809691,0.04620300520501108
2024-12-20,6.56,0.6116227017436053,172.26,-0.6365393867076183,50.3,0.19999999999999574,272325,0.0,0.7464102518022842,11.848895413787668,NORMAL,-0.030256789281144003,NEUTRAL,0.050508454778252165,-0.07661050335504532,0.04960087650347636,-0.08812576182657784,0.045795158421186755
2024-12-23,6.56,0.0,173.37,0.6423075636768886,50.3,0.19999999999999574,272425,0.03671408944405504,0.7231963838089002,11.480386683717411,NORMAL,0.1087624061004108,NEUTRAL,0.04709693928196206,-0.08087248431720007,0.05093472624828471,-0.08791646203011474,0.04617254773402513
2024-12-24,6.6,0.6079046076382193,173.82,0.25922420115177536,50.3,0.19999999999999574,272725,0.11006146208705962,0.7283623960640391,11.562394585899469,NORMAL,0.0021801894198402796,NEUTRAL,0.047445734483733376,-0.08153699751527084,0.051653679130609566,-0.08782597404100365,0.04625223321823835
2024-12-26,6.64,0.6042314455962662,173.94,0.06901311523051566,50.3,0.19999999999999574,272725,0.0,0.7144034331572647,11.340802919429267,NORMAL,0.025638073343020946,NEUTRAL,0.0456711073169423,-0.08124872911381839,0.05325803526560143,-0.08743300284620027,0.04611967558022667
2024-12-27,6.63,-0.1507159290571363,173.81,-0.07476635862305095,50.3,0.19999999999999574,272725,0.0,0.7174963234236054,11.389901030292165,NORMAL,0.053171281172062004,NEUTRAL,0.048424272941883346,-0.0816463923413005,0.05190840056492471,-0.08787334490249599,0.04635103342203761
2024-12-30,6.58,-0.7570058860545279,173.94,0.07476635862304476,50.3,0.19999999999999574,271400,-0.48702140830516777,0.7452159693641481,11.829936767828789,NORMAL,0.06737638016014671,NEUTRAL,0.05137079182977478,-0.07986562961483296,0.05017163012466894,-0.0881804370522713,0.046222850655443404
2024-12-31,6.5,-1.2232568435634408,175.22,0.7331915076598627,50.1,-0.19999999999999574,271400,0.0,0.7919241244848096,12.571405743716179,NORMAL,0.09607887255334735,NEUTRAL,0.04857825411986183,-0.07881017129274784,0.05225306684405878,-0.08817344343060882,0.04642282547321819
